nohup: ignoring input
2026-01-25 19:50:36,167 INFO {
    "alpha": 1.0,
    "attn_mask_ratio": 0.1,
    "blur_max_kernel": 5,
    "blur_max_sigma": 5,
    "blur_min_kernel": 3,
    "blur_min_sigma": 3,
    "cos_temp": 8,
    "data_path": "./data/read2016/lines/",
    "dila_ero_iter": 1,
    "dila_ero_max_kernel": 2,
    "dpi_max_factor": 1.5,
    "dpi_min_factor": 0.5,
    "elastic_distortion_max_alpha": 1,
    "elastic_distortion_max_kernel_size": 3,
    "elastic_distortion_max_magnitude": 20,
    "elastic_distortion_max_sigma": 10,
    "elastic_distortion_min_alpha": 0.5,
    "elastic_distortion_min_kernel_size": 3,
    "elastic_distortion_min_sigma": 1,
    "ema_decay": 0.9999,
    "eval_iter": 1000,
    "exp_name": "read",
    "img_size": [
        512,
        64
    ],
    "jitter_brightness": 0.4,
    "jitter_contrast": 0.4,
    "jitter_hue": 0.2,
    "jitter_saturation": 0.4,
    "mask_ratio": 0.4,
    "max_lr": 0.001,
    "max_span_length": 8,
    "nb_cls": 90,
    "num_workers": 0,
    "out_dir": "./output",
    "patch_size": [
        4,
        32
    ],
    "perspective_high": 0.4,
    "perspective_low": 0.0,
    "print_iter": 100,
    "proba": 0.5,
    "proj": 8.0,
    "save_dir": "./output/read",
    "seed": 123,
    "sharpen_max_alpha": 1,
    "sharpen_max_strength": 1,
    "sharpen_min_alpha": 0,
    "sharpen_min_strength": 0,
    "spacing": 0,
    "subcommand": "READ",
    "test_data_list": "./data/read2016/test.ln",
    "total_iter": 100000,
    "train_bs": 64,
    "train_data_list": "./data/read2016/train.ln",
    "use_wandb": false,
    "val_bs": 8,
    "val_data_list": "./data/read2016/val.ln",
    "warm_up_iter": 1000,
    "weight_decay": 0.5,
    "zoom_max_h": 1,
    "zoom_max_w": 1,
    "zoom_min_h": 0.8,
    "zoom_min_w": 0.99
}
2026-01-25 19:50:36,871 INFO total_param is 53789467
2026-01-25 19:50:37,349 INFO Loading train loader...
2026-01-25 19:53:06,358 INFO Loading val loader...
/home/user1/HTR-VT/data/transform.py:184: FutureWarning: `estimate` is deprecated since version 0.26 and will be removed in version 2.2. Please use `ProjectiveTransform.from_estimate` class constructor instead.
  tform.estimate(np.array((        #从对应点估计变换矩阵
2026-01-25 19:58:19,953 INFO Iter : 100 	 LR : 0.00010 	 training loss : 144.78728 	 
2026-01-25 20:01:59,678 INFO Iter : 200 	 LR : 0.00020 	 training loss : 77.09685 	 
2026-01-25 20:05:17,821 INFO Iter : 300 	 LR : 0.00030 	 training loss : 59.54304 	 
2026-01-25 20:08:36,371 INFO Iter : 400 	 LR : 0.00040 	 training loss : 44.13920 	 
2026-01-25 20:11:56,280 INFO Iter : 500 	 LR : 0.00050 	 training loss : 39.33143 	 
2026-01-25 20:15:14,560 INFO Iter : 600 	 LR : 0.00060 	 training loss : 37.23874 	 
2026-01-25 20:18:33,012 INFO Iter : 700 	 LR : 0.00070 	 training loss : 35.59127 	 
2026-01-25 20:21:51,619 INFO Iter : 800 	 LR : 0.00080 	 training loss : 38.62609 	 
2026-01-25 20:25:09,994 INFO Iter : 900 	 LR : 0.00090 	 training loss : 39.99021 	 
2026-01-25 20:28:27,827 INFO Iter : 1000 	 LR : 0.00100 	 training loss : 40.29689 	 
2026-01-25 20:28:42,785 INFO CER improved from 1000000.0000 to 0.2097!!!
2026-01-25 20:28:45,327 INFO WER improved from 1000000.0000 to 0.6383!!!
2026-01-25 20:28:47,749 INFO Val. loss : 23.675 	 CER : 0.2097 	 WER : 0.6383 	 
2026-01-25 20:32:05,130 INFO Iter : 1100 	 LR : 0.00100 	 training loss : 37.56628 	 
2026-01-25 20:35:23,381 INFO Iter : 1200 	 LR : 0.00100 	 training loss : 37.75561 	 
2026-01-25 20:38:41,533 INFO Iter : 1300 	 LR : 0.00100 	 training loss : 34.61496 	 
2026-01-25 20:41:59,420 INFO Iter : 1400 	 LR : 0.00100 	 training loss : 34.41383 	 
2026-01-25 20:45:16,925 INFO Iter : 1500 	 LR : 0.00100 	 training loss : 33.17295 	 
2026-01-25 20:48:34,896 INFO Iter : 1600 	 LR : 0.00100 	 training loss : 29.67563 	 
2026-01-25 20:51:54,459 INFO Iter : 1700 	 LR : 0.00100 	 training loss : 30.42245 	 
2026-01-25 20:55:11,740 INFO Iter : 1800 	 LR : 0.00100 	 training loss : 26.72217 	 
2026-01-25 20:58:30,381 INFO Iter : 1900 	 LR : 0.00100 	 training loss : 26.19200 	 
2026-01-25 21:01:47,601 INFO Iter : 2000 	 LR : 0.00100 	 training loss : 25.02733 	 
2026-01-25 21:01:55,121 INFO CER improved from 0.2097 to 0.1132!!!
2026-01-25 21:01:57,346 INFO WER improved from 0.6383 to 0.4158!!!
2026-01-25 21:02:00,073 INFO Val. loss : 10.440 	 CER : 0.1132 	 WER : 0.4158 	 
2026-01-25 21:05:17,737 INFO Iter : 2100 	 LR : 0.00100 	 training loss : 24.37377 	 
2026-01-25 21:08:37,527 INFO Iter : 2200 	 LR : 0.00100 	 training loss : 24.50547 	 
2026-01-25 21:11:53,861 INFO Iter : 2300 	 LR : 0.00100 	 training loss : 25.28019 	 
2026-01-25 21:15:11,739 INFO Iter : 2400 	 LR : 0.00100 	 training loss : 24.03093 	 
2026-01-25 21:18:29,156 INFO Iter : 2500 	 LR : 0.00100 	 training loss : 23.94103 	 
2026-01-25 21:21:48,006 INFO Iter : 2600 	 LR : 0.00100 	 training loss : 23.05428 	 
2026-01-25 21:25:05,130 INFO Iter : 2700 	 LR : 0.00100 	 training loss : 23.58841 	 
2026-01-25 21:28:23,030 INFO Iter : 2800 	 LR : 0.00100 	 training loss : 24.85778 	 
2026-01-25 21:31:40,420 INFO Iter : 2900 	 LR : 0.00100 	 training loss : 22.69025 	 
2026-01-25 21:34:59,381 INFO Iter : 3000 	 LR : 0.00100 	 training loss : 22.84937 	 
2026-01-25 21:35:06,913 INFO CER improved from 0.1132 to 0.0864!!!
2026-01-25 21:35:09,184 INFO WER improved from 0.4158 to 0.3312!!!
2026-01-25 21:35:11,769 INFO Val. loss : 7.990 	 CER : 0.0864 	 WER : 0.3312 	 
2026-01-25 21:38:29,314 INFO Iter : 3100 	 LR : 0.00100 	 training loss : 22.07884 	 
2026-01-25 21:41:46,485 INFO Iter : 3200 	 LR : 0.00100 	 training loss : 23.78433 	 
2026-01-25 21:45:03,765 INFO Iter : 3300 	 LR : 0.00100 	 training loss : 22.81390 	 
2026-01-25 21:48:21,196 INFO Iter : 3400 	 LR : 0.00100 	 training loss : 22.01111 	 
2026-01-25 21:51:38,509 INFO Iter : 3500 	 LR : 0.00100 	 training loss : 23.82759 	 
2026-01-25 21:54:56,155 INFO Iter : 3600 	 LR : 0.00100 	 training loss : 23.05260 	 
2026-01-25 21:58:14,021 INFO Iter : 3700 	 LR : 0.00100 	 training loss : 22.20191 	 
2026-01-25 22:01:31,646 INFO Iter : 3800 	 LR : 0.00100 	 training loss : 22.72605 	 
2026-01-25 22:04:50,366 INFO Iter : 3900 	 LR : 0.00100 	 training loss : 22.82218 	 
2026-01-25 22:08:08,176 INFO Iter : 4000 	 LR : 0.00100 	 training loss : 22.44772 	 
2026-01-25 22:08:15,697 INFO CER improved from 0.0864 to 0.0787!!!
2026-01-25 22:08:18,410 INFO WER improved from 0.3312 to 0.3041!!!
2026-01-25 22:08:21,118 INFO Val. loss : 7.248 	 CER : 0.0787 	 WER : 0.3041 	 
2026-01-25 22:11:38,522 INFO Iter : 4100 	 LR : 0.00100 	 training loss : 23.29197 	 
2026-01-25 22:14:55,743 INFO Iter : 4200 	 LR : 0.00100 	 training loss : 21.63823 	 
2026-01-25 22:18:13,764 INFO Iter : 4300 	 LR : 0.00100 	 training loss : 23.93837 	 
2026-01-25 22:21:31,343 INFO Iter : 4400 	 LR : 0.00100 	 training loss : 22.97840 	 
2026-01-25 22:24:48,932 INFO Iter : 4500 	 LR : 0.00099 	 training loss : 19.93108 	 
2026-01-25 22:28:06,409 INFO Iter : 4600 	 LR : 0.00099 	 training loss : 18.49635 	 
2026-01-25 22:31:24,321 INFO Iter : 4700 	 LR : 0.00099 	 training loss : 20.50230 	 
2026-01-25 22:34:41,598 INFO Iter : 4800 	 LR : 0.00099 	 training loss : 19.73210 	 
2026-01-25 22:37:58,356 INFO Iter : 4900 	 LR : 0.00099 	 training loss : 21.43097 	 
2026-01-25 22:41:15,648 INFO Iter : 5000 	 LR : 0.00099 	 training loss : 20.63570 	 
2026-01-25 22:41:23,143 INFO CER improved from 0.0787 to 0.0729!!!
2026-01-25 22:41:25,510 INFO WER improved from 0.3041 to 0.2876!!!
2026-01-25 22:41:27,880 INFO Val. loss : 6.746 	 CER : 0.0729 	 WER : 0.2876 	 
2026-01-25 22:44:46,689 INFO Iter : 5100 	 LR : 0.00099 	 training loss : 21.34174 	 
2026-01-25 22:48:03,946 INFO Iter : 5200 	 LR : 0.00099 	 training loss : 21.86694 	 
2026-01-25 22:51:21,241 INFO Iter : 5300 	 LR : 0.00099 	 training loss : 20.25784 	 
2026-01-25 22:54:38,899 INFO Iter : 5400 	 LR : 0.00099 	 training loss : 20.09448 	 
2026-01-25 22:57:56,458 INFO Iter : 5500 	 LR : 0.00099 	 training loss : 21.47204 	 
2026-01-25 23:01:13,348 INFO Iter : 5600 	 LR : 0.00099 	 training loss : 20.99571 	 
2026-01-25 23:04:30,935 INFO Iter : 5700 	 LR : 0.00099 	 training loss : 21.52219 	 
2026-01-25 23:07:48,731 INFO Iter : 5800 	 LR : 0.00099 	 training loss : 21.77364 	 
2026-01-25 23:11:04,612 INFO Iter : 5900 	 LR : 0.00099 	 training loss : 23.23803 	 
2026-01-25 23:14:22,622 INFO Iter : 6000 	 LR : 0.00099 	 training loss : 22.50458 	 
2026-01-25 23:14:30,145 INFO CER improved from 0.0729 to 0.0710!!!
2026-01-25 23:14:32,363 INFO WER improved from 0.2876 to 0.2798!!!
2026-01-25 23:14:34,919 INFO Val. loss : 6.680 	 CER : 0.0710 	 WER : 0.2798 	 
2026-01-25 23:17:51,860 INFO Iter : 6100 	 LR : 0.00099 	 training loss : 20.64495 	 
2026-01-25 23:21:09,375 INFO Iter : 6200 	 LR : 0.00099 	 training loss : 21.46017 	 
2026-01-25 23:24:26,166 INFO Iter : 6300 	 LR : 0.00099 	 training loss : 21.72132 	 
2026-01-25 23:27:44,174 INFO Iter : 6400 	 LR : 0.00099 	 training loss : 20.72448 	 
2026-01-25 23:31:01,146 INFO Iter : 6500 	 LR : 0.00099 	 training loss : 19.78079 	 
2026-01-25 23:34:17,628 INFO Iter : 6600 	 LR : 0.00099 	 training loss : 21.87494 	 
2026-01-25 23:37:34,612 INFO Iter : 6700 	 LR : 0.00099 	 training loss : 21.19437 	 
2026-01-25 23:40:52,506 INFO Iter : 6800 	 LR : 0.00099 	 training loss : 21.71411 	 
2026-01-25 23:44:09,141 INFO Iter : 6900 	 LR : 0.00099 	 training loss : 19.22730 	 
2026-01-25 23:47:25,136 INFO Iter : 7000 	 LR : 0.00099 	 training loss : 19.99168 	 
2026-01-25 23:47:32,689 INFO CER improved from 0.0710 to 0.0679!!!
2026-01-25 23:47:34,934 INFO WER improved from 0.2798 to 0.2638!!!
2026-01-25 23:47:37,149 INFO Val. loss : 6.611 	 CER : 0.0679 	 WER : 0.2638 	 
2026-01-25 23:50:53,550 INFO Iter : 7100 	 LR : 0.00099 	 training loss : 19.75058 	 
2026-01-25 23:54:12,374 INFO Iter : 7200 	 LR : 0.00099 	 training loss : 22.93125 	 
2026-01-25 23:57:30,080 INFO Iter : 7300 	 LR : 0.00099 	 training loss : 21.50434 	 
2026-01-26 00:00:46,916 INFO Iter : 7400 	 LR : 0.00099 	 training loss : 24.07010 	 
2026-01-26 00:04:04,915 INFO Iter : 7500 	 LR : 0.00099 	 training loss : 18.51276 	 
2026-01-26 00:07:21,165 INFO Iter : 7600 	 LR : 0.00099 	 training loss : 20.36942 	 
2026-01-26 00:10:39,902 INFO Iter : 7700 	 LR : 0.00099 	 training loss : 19.95079 	 
2026-01-26 00:13:56,878 INFO Iter : 7800 	 LR : 0.00098 	 training loss : 19.92351 	 
2026-01-26 00:17:13,875 INFO Iter : 7900 	 LR : 0.00098 	 training loss : 20.85591 	 
2026-01-26 00:20:30,931 INFO Iter : 8000 	 LR : 0.00098 	 training loss : 20.84240 	 
2026-01-26 00:20:38,403 INFO WER improved from 0.2638 to 0.2636!!!
2026-01-26 00:20:40,615 INFO Val. loss : 6.450 	 CER : 0.0679 	 WER : 0.2636 	 
2026-01-26 00:23:58,698 INFO Iter : 8100 	 LR : 0.00098 	 training loss : 21.33611 	 
2026-01-26 00:27:15,594 INFO Iter : 8200 	 LR : 0.00098 	 training loss : 20.12001 	 
2026-01-26 00:30:32,792 INFO Iter : 8300 	 LR : 0.00098 	 training loss : 21.20582 	 
2026-01-26 00:33:49,986 INFO Iter : 8400 	 LR : 0.00098 	 training loss : 20.34806 	 
2026-01-26 00:37:08,193 INFO Iter : 8500 	 LR : 0.00098 	 training loss : 21.32398 	 
2026-01-26 00:40:25,071 INFO Iter : 8600 	 LR : 0.00098 	 training loss : 20.37017 	 
2026-01-26 00:43:41,020 INFO Iter : 8700 	 LR : 0.00098 	 training loss : 21.98187 	 
2026-01-26 00:46:57,849 INFO Iter : 8800 	 LR : 0.00098 	 training loss : 22.36128 	 
2026-01-26 00:50:15,551 INFO Iter : 8900 	 LR : 0.00098 	 training loss : 19.47821 	 
2026-01-26 00:53:32,169 INFO Iter : 9000 	 LR : 0.00098 	 training loss : 19.76400 	 
2026-01-26 00:53:39,688 INFO CER improved from 0.0679 to 0.0651!!!
2026-01-26 00:53:41,921 INFO WER improved from 0.2636 to 0.2581!!!
2026-01-26 00:53:44,662 INFO Val. loss : 6.364 	 CER : 0.0651 	 WER : 0.2581 	 
2026-01-26 00:57:01,428 INFO Iter : 9100 	 LR : 0.00098 	 training loss : 18.20953 	 
2026-01-26 01:00:18,599 INFO Iter : 9200 	 LR : 0.00098 	 training loss : 20.36712 	 
2026-01-26 01:03:36,811 INFO Iter : 9300 	 LR : 0.00098 	 training loss : 20.52805 	 
2026-01-26 01:06:53,524 INFO Iter : 9400 	 LR : 0.00098 	 training loss : 21.07339 	 
2026-01-26 01:10:10,393 INFO Iter : 9500 	 LR : 0.00098 	 training loss : 20.75488 	 
2026-01-26 01:13:27,635 INFO Iter : 9600 	 LR : 0.00098 	 training loss : 19.67100 	 
2026-01-26 01:16:43,726 INFO Iter : 9700 	 LR : 0.00098 	 training loss : 18.42056 	 
2026-01-26 01:20:01,714 INFO Iter : 9800 	 LR : 0.00098 	 training loss : 19.51358 	 
2026-01-26 01:23:18,313 INFO Iter : 9900 	 LR : 0.00098 	 training loss : 18.94621 	 
2026-01-26 01:26:35,229 INFO Iter : 10000 	 LR : 0.00098 	 training loss : 20.10700 	 
2026-01-26 01:26:42,709 INFO CER improved from 0.0651 to 0.0641!!!
2026-01-26 01:26:44,864 INFO WER improved from 0.2581 to 0.2553!!!
2026-01-26 01:26:47,031 INFO Val. loss : 6.262 	 CER : 0.0641 	 WER : 0.2553 	 
2026-01-26 01:30:03,539 INFO Iter : 10100 	 LR : 0.00097 	 training loss : 22.19006 	 
2026-01-26 01:33:22,247 INFO Iter : 10200 	 LR : 0.00097 	 training loss : 20.39640 	 
2026-01-26 01:36:39,749 INFO Iter : 10300 	 LR : 0.00097 	 training loss : 20.87994 	 
2026-01-26 01:39:57,473 INFO Iter : 10400 	 LR : 0.00097 	 training loss : 19.82620 	 
2026-01-26 01:43:15,791 INFO Iter : 10500 	 LR : 0.00097 	 training loss : 22.09190 	 
2026-01-26 01:46:35,074 INFO Iter : 10600 	 LR : 0.00097 	 training loss : 20.55301 	 
2026-01-26 01:49:54,110 INFO Iter : 10700 	 LR : 0.00097 	 training loss : 21.84164 	 
2026-01-26 01:53:11,882 INFO Iter : 10800 	 LR : 0.00097 	 training loss : 21.21976 	 
2026-01-26 01:56:29,772 INFO Iter : 10900 	 LR : 0.00097 	 training loss : 21.10763 	 
2026-01-26 01:59:49,294 INFO Iter : 11000 	 LR : 0.00097 	 training loss : 20.54272 	 
2026-01-26 01:59:56,799 INFO WER improved from 0.2553 to 0.2536!!!
2026-01-26 01:59:59,003 INFO Val. loss : 6.337 	 CER : 0.0648 	 WER : 0.2536 	 
2026-01-26 02:03:15,423 INFO Iter : 11100 	 LR : 0.00097 	 training loss : 21.36777 	 
2026-01-26 02:06:32,091 INFO Iter : 11200 	 LR : 0.00097 	 training loss : 21.14650 	 
2026-01-26 02:09:47,811 INFO Iter : 11300 	 LR : 0.00097 	 training loss : 20.68207 	 
2026-01-26 02:13:04,298 INFO Iter : 11400 	 LR : 0.00097 	 training loss : 20.22019 	 
2026-01-26 02:16:21,435 INFO Iter : 11500 	 LR : 0.00097 	 training loss : 19.15574 	 
2026-01-26 02:19:38,130 INFO Iter : 11600 	 LR : 0.00097 	 training loss : 19.01677 	 
2026-01-26 02:22:54,656 INFO Iter : 11700 	 LR : 0.00097 	 training loss : 18.38556 	 
2026-01-26 02:26:11,761 INFO Iter : 11800 	 LR : 0.00097 	 training loss : 18.27891 	 
2026-01-26 02:29:30,655 INFO Iter : 11900 	 LR : 0.00096 	 training loss : 18.33672 	 
2026-01-26 02:32:47,526 INFO Iter : 12000 	 LR : 0.00096 	 training loss : 19.42144 	 
2026-01-26 02:32:55,046 INFO CER improved from 0.0641 to 0.0625!!!
2026-01-26 02:32:57,207 INFO WER improved from 0.2536 to 0.2493!!!
2026-01-26 02:32:59,453 INFO Val. loss : 6.258 	 CER : 0.0625 	 WER : 0.2493 	 
2026-01-26 02:36:17,942 INFO Iter : 12100 	 LR : 0.00096 	 training loss : 19.91888 	 
2026-01-26 02:39:36,805 INFO Iter : 12200 	 LR : 0.00096 	 training loss : 21.26269 	 
2026-01-26 02:42:55,874 INFO Iter : 12300 	 LR : 0.00096 	 training loss : 18.62948 	 
2026-01-26 02:46:15,359 INFO Iter : 12400 	 LR : 0.00096 	 training loss : 21.17730 	 
2026-01-26 02:49:34,480 INFO Iter : 12500 	 LR : 0.00096 	 training loss : 19.30908 	 
2026-01-26 02:52:53,300 INFO Iter : 12600 	 LR : 0.00096 	 training loss : 18.55104 	 
2026-01-26 02:56:13,016 INFO Iter : 12700 	 LR : 0.00096 	 training loss : 18.62186 	 
2026-01-26 02:59:31,985 INFO Iter : 12800 	 LR : 0.00096 	 training loss : 20.40645 	 
2026-01-26 03:02:49,249 INFO Iter : 12900 	 LR : 0.00096 	 training loss : 20.71420 	 
2026-01-26 03:06:06,216 INFO Iter : 13000 	 LR : 0.00096 	 training loss : 19.35672 	 
2026-01-26 03:06:13,696 INFO CER improved from 0.0625 to 0.0624!!!
2026-01-26 03:06:15,944 INFO WER improved from 0.2493 to 0.2491!!!
2026-01-26 03:06:18,159 INFO Val. loss : 6.157 	 CER : 0.0624 	 WER : 0.2491 	 
2026-01-26 03:09:34,844 INFO Iter : 13100 	 LR : 0.00096 	 training loss : 18.74404 	 
2026-01-26 03:12:53,346 INFO Iter : 13200 	 LR : 0.00096 	 training loss : 20.11065 	 
2026-01-26 03:16:11,190 INFO Iter : 13300 	 LR : 0.00096 	 training loss : 20.24500 	 
2026-01-26 03:19:29,622 INFO Iter : 13400 	 LR : 0.00096 	 training loss : 21.06637 	 
2026-01-26 03:22:47,307 INFO Iter : 13500 	 LR : 0.00095 	 training loss : 21.10600 	 
2026-01-26 03:26:05,684 INFO Iter : 13600 	 LR : 0.00095 	 training loss : 20.28519 	 
2026-01-26 03:29:24,207 INFO Iter : 13700 	 LR : 0.00095 	 training loss : 19.96531 	 
2026-01-26 03:32:42,986 INFO Iter : 13800 	 LR : 0.00095 	 training loss : 20.39084 	 
2026-01-26 03:36:01,084 INFO Iter : 13900 	 LR : 0.00095 	 training loss : 19.38397 	 
2026-01-26 03:39:20,931 INFO Iter : 14000 	 LR : 0.00095 	 training loss : 18.87440 	 
2026-01-26 03:39:28,784 INFO Val. loss : 6.277 	 CER : 0.0629 	 WER : 0.2521 	 
2026-01-26 03:42:46,818 INFO Iter : 14100 	 LR : 0.00095 	 training loss : 19.93691 	 
2026-01-26 03:46:05,325 INFO Iter : 14200 	 LR : 0.00095 	 training loss : 20.76350 	 
2026-01-26 03:49:24,162 INFO Iter : 14300 	 LR : 0.00095 	 training loss : 19.77620 	 
2026-01-26 03:52:43,088 INFO Iter : 14400 	 LR : 0.00095 	 training loss : 17.21777 	 
2026-01-26 03:56:02,058 INFO Iter : 14500 	 LR : 0.00095 	 training loss : 18.29442 	 
2026-01-26 03:59:21,849 INFO Iter : 14600 	 LR : 0.00095 	 training loss : 19.55902 	 
2026-01-26 04:02:40,523 INFO Iter : 14700 	 LR : 0.00095 	 training loss : 17.75566 	 
2026-01-26 04:05:59,545 INFO Iter : 14800 	 LR : 0.00095 	 training loss : 17.20802 	 
2026-01-26 04:09:17,054 INFO Iter : 14900 	 LR : 0.00095 	 training loss : 18.74019 	 
2026-01-26 04:12:33,670 INFO Iter : 15000 	 LR : 0.00094 	 training loss : 19.44807 	 
2026-01-26 04:12:41,194 INFO Val. loss : 6.194 	 CER : 0.0628 	 WER : 0.2498 	 
2026-01-26 04:15:58,002 INFO Iter : 15100 	 LR : 0.00094 	 training loss : 18.74102 	 
2026-01-26 04:19:15,342 INFO Iter : 15200 	 LR : 0.00094 	 training loss : 19.30628 	 
2026-01-26 04:22:33,776 INFO Iter : 15300 	 LR : 0.00094 	 training loss : 19.64694 	 
2026-01-26 04:25:50,785 INFO Iter : 15400 	 LR : 0.00094 	 training loss : 18.66794 	 
2026-01-26 04:29:07,958 INFO Iter : 15500 	 LR : 0.00094 	 training loss : 18.83994 	 
2026-01-26 04:32:23,914 INFO Iter : 15600 	 LR : 0.00094 	 training loss : 18.33057 	 
2026-01-26 04:35:41,536 INFO Iter : 15700 	 LR : 0.00094 	 training loss : 19.00153 	 
2026-01-26 04:38:57,648 INFO Iter : 15800 	 LR : 0.00094 	 training loss : 18.42023 	 
2026-01-26 04:42:14,019 INFO Iter : 15900 	 LR : 0.00094 	 training loss : 18.23968 	 
2026-01-26 04:45:30,520 INFO Iter : 16000 	 LR : 0.00094 	 training loss : 17.14872 	 
2026-01-26 04:45:37,961 INFO Val. loss : 6.328 	 CER : 0.0641 	 WER : 0.2536 	 
2026-01-26 04:48:55,899 INFO Iter : 16100 	 LR : 0.00094 	 training loss : 17.19028 	 
2026-01-26 04:52:11,842 INFO Iter : 16200 	 LR : 0.00094 	 training loss : 18.26430 	 
2026-01-26 04:55:28,012 INFO Iter : 16300 	 LR : 0.00093 	 training loss : 18.07694 	 
2026-01-26 04:58:44,304 INFO Iter : 16400 	 LR : 0.00093 	 training loss : 18.16485 	 
2026-01-26 05:02:02,140 INFO Iter : 16500 	 LR : 0.00093 	 training loss : 17.45710 	 
2026-01-26 05:05:18,620 INFO Iter : 16600 	 LR : 0.00093 	 training loss : 18.90128 	 
2026-01-26 05:08:35,307 INFO Iter : 16700 	 LR : 0.00093 	 training loss : 18.05862 	 
2026-01-26 05:11:51,336 INFO Iter : 16800 	 LR : 0.00093 	 training loss : 17.28334 	 
2026-01-26 05:15:08,156 INFO Iter : 16900 	 LR : 0.00093 	 training loss : 17.39303 	 
2026-01-26 05:18:25,833 INFO Iter : 17000 	 LR : 0.00093 	 training loss : 18.11528 	 
2026-01-26 05:18:33,288 INFO CER improved from 0.0624 to 0.0622!!!
2026-01-26 05:18:35,558 INFO WER improved from 0.2491 to 0.2448!!!
2026-01-26 05:18:37,820 INFO Val. loss : 6.274 	 CER : 0.0622 	 WER : 0.2448 	 
2026-01-26 05:21:53,780 INFO Iter : 17100 	 LR : 0.00093 	 training loss : 16.94983 	 
2026-01-26 05:25:09,757 INFO Iter : 17200 	 LR : 0.00093 	 training loss : 17.46643 	 
2026-01-26 05:28:26,116 INFO Iter : 17300 	 LR : 0.00093 	 training loss : 18.81979 	 
2026-01-26 05:31:44,192 INFO Iter : 17400 	 LR : 0.00093 	 training loss : 18.86974 	 
2026-01-26 05:34:59,653 INFO Iter : 17500 	 LR : 0.00092 	 training loss : 19.64759 	 
2026-01-26 05:38:16,124 INFO Iter : 17600 	 LR : 0.00092 	 training loss : 18.51879 	 
2026-01-26 05:41:32,396 INFO Iter : 17700 	 LR : 0.00092 	 training loss : 17.66572 	 
2026-01-26 05:44:50,212 INFO Iter : 17800 	 LR : 0.00092 	 training loss : 17.38456 	 
2026-01-26 05:48:07,089 INFO Iter : 17900 	 LR : 0.00092 	 training loss : 19.81165 	 
2026-01-26 05:51:23,825 INFO Iter : 18000 	 LR : 0.00092 	 training loss : 19.27184 	 
2026-01-26 05:51:31,311 INFO CER improved from 0.0622 to 0.0620!!!
2026-01-26 05:51:33,649 INFO Val. loss : 6.305 	 CER : 0.0620 	 WER : 0.2458 	 
2026-01-26 05:54:50,203 INFO Iter : 18100 	 LR : 0.00092 	 training loss : 18.32406 	 
2026-01-26 05:58:06,971 INFO Iter : 18200 	 LR : 0.00092 	 training loss : 17.76141 	 
2026-01-26 06:01:24,002 INFO Iter : 18300 	 LR : 0.00092 	 training loss : 17.66167 	 
2026-01-26 06:04:41,193 INFO Iter : 18400 	 LR : 0.00092 	 training loss : 19.97587 	 
2026-01-26 06:07:57,812 INFO Iter : 18500 	 LR : 0.00092 	 training loss : 21.31664 	 
2026-01-26 06:11:15,056 INFO Iter : 18600 	 LR : 0.00092 	 training loss : 19.49923 	 
2026-01-26 06:14:31,911 INFO Iter : 18700 	 LR : 0.00091 	 training loss : 17.82162 	 
2026-01-26 06:17:48,223 INFO Iter : 18800 	 LR : 0.00091 	 training loss : 17.40438 	 
2026-01-26 06:21:05,173 INFO Iter : 18900 	 LR : 0.00091 	 training loss : 18.89193 	 
2026-01-26 06:24:21,494 INFO Iter : 19000 	 LR : 0.00091 	 training loss : 18.91522 	 
2026-01-26 06:24:28,956 INFO CER improved from 0.0620 to 0.0614!!!
2026-01-26 06:24:31,261 INFO WER improved from 0.2448 to 0.2418!!!
2026-01-26 06:24:33,561 INFO Val. loss : 6.252 	 CER : 0.0614 	 WER : 0.2418 	 
2026-01-26 06:27:49,904 INFO Iter : 19100 	 LR : 0.00091 	 training loss : 17.99446 	 
2026-01-26 06:31:06,352 INFO Iter : 19200 	 LR : 0.00091 	 training loss : 18.34954 	 
2026-01-26 06:34:22,717 INFO Iter : 19300 	 LR : 0.00091 	 training loss : 18.04209 	 
2026-01-26 06:37:39,579 INFO Iter : 19400 	 LR : 0.00091 	 training loss : 17.70030 	 
2026-01-26 06:40:57,048 INFO Iter : 19500 	 LR : 0.00091 	 training loss : 16.99996 	 
2026-01-26 06:44:12,920 INFO Iter : 19600 	 LR : 0.00091 	 training loss : 18.05100 	 
2026-01-26 06:47:28,755 INFO Iter : 19700 	 LR : 0.00091 	 training loss : 16.65431 	 
2026-01-26 06:50:45,341 INFO Iter : 19800 	 LR : 0.00090 	 training loss : 16.05277 	 
2026-01-26 06:54:02,090 INFO Iter : 19900 	 LR : 0.00090 	 training loss : 16.64946 	 
2026-01-26 06:57:18,959 INFO Iter : 20000 	 LR : 0.00090 	 training loss : 16.94027 	 
2026-01-26 06:57:26,391 INFO CER improved from 0.0614 to 0.0602!!!
2026-01-26 06:57:28,719 INFO WER improved from 0.2418 to 0.2340!!!
2026-01-26 06:57:31,723 INFO Val. loss : 6.208 	 CER : 0.0602 	 WER : 0.2340 	 
2026-01-26 07:00:47,564 INFO Iter : 20100 	 LR : 0.00090 	 training loss : 17.54931 	 
2026-01-26 07:04:04,421 INFO Iter : 20200 	 LR : 0.00090 	 training loss : 17.77233 	 
2026-01-26 07:07:21,655 INFO Iter : 20300 	 LR : 0.00090 	 training loss : 16.72975 	 
2026-01-26 07:10:38,366 INFO Iter : 20400 	 LR : 0.00090 	 training loss : 16.22393 	 
2026-01-26 07:13:55,113 INFO Iter : 20500 	 LR : 0.00090 	 training loss : 16.92162 	 
2026-01-26 07:17:11,360 INFO Iter : 20600 	 LR : 0.00090 	 training loss : 17.55040 	 
2026-01-26 07:20:27,010 INFO Iter : 20700 	 LR : 0.00090 	 training loss : 17.66034 	 
2026-01-26 07:23:44,104 INFO Iter : 20800 	 LR : 0.00089 	 training loss : 16.96079 	 
2026-01-26 07:27:00,556 INFO Iter : 20900 	 LR : 0.00089 	 training loss : 17.13968 	 
2026-01-26 07:30:16,641 INFO Iter : 21000 	 LR : 0.00089 	 training loss : 18.03019 	 
2026-01-26 07:30:24,124 INFO CER improved from 0.0602 to 0.0589!!!
2026-01-26 07:30:26,965 INFO WER improved from 0.2340 to 0.2318!!!
2026-01-26 07:30:29,516 INFO Val. loss : 6.130 	 CER : 0.0589 	 WER : 0.2318 	 
2026-01-26 07:33:45,212 INFO Iter : 21100 	 LR : 0.00089 	 training loss : 17.85416 	 
2026-01-26 07:37:02,700 INFO Iter : 21200 	 LR : 0.00089 	 training loss : 18.88148 	 
2026-01-26 07:40:19,775 INFO Iter : 21300 	 LR : 0.00089 	 training loss : 16.84724 	 
2026-01-26 07:43:36,649 INFO Iter : 21400 	 LR : 0.00089 	 training loss : 17.67360 	 
2026-01-26 07:46:52,799 INFO Iter : 21500 	 LR : 0.00089 	 training loss : 16.04819 	 
2026-01-26 07:50:10,097 INFO Iter : 21600 	 LR : 0.00089 	 training loss : 15.50221 	 
2026-01-26 07:53:26,662 INFO Iter : 21700 	 LR : 0.00089 	 training loss : 15.58442 	 
2026-01-26 07:56:42,722 INFO Iter : 21800 	 LR : 0.00089 	 training loss : 16.42976 	 
2026-01-26 07:59:59,495 INFO Iter : 21900 	 LR : 0.00088 	 training loss : 17.12725 	 
2026-01-26 08:03:17,039 INFO Iter : 22000 	 LR : 0.00088 	 training loss : 17.00580 	 
2026-01-26 08:03:24,479 INFO Val. loss : 6.107 	 CER : 0.0589 	 WER : 0.2323 	 
2026-01-26 08:06:40,559 INFO Iter : 22100 	 LR : 0.00088 	 training loss : 17.28542 	 
2026-01-26 08:09:56,839 INFO Iter : 22200 	 LR : 0.00088 	 training loss : 16.98057 	 
2026-01-26 08:13:13,504 INFO Iter : 22300 	 LR : 0.00088 	 training loss : 17.14138 	 
2026-01-26 08:16:31,095 INFO Iter : 22400 	 LR : 0.00088 	 training loss : 17.89522 	 
2026-01-26 08:19:47,908 INFO Iter : 22500 	 LR : 0.00088 	 training loss : 18.47435 	 
2026-01-26 08:23:04,636 INFO Iter : 22600 	 LR : 0.00088 	 training loss : 16.67533 	 
2026-01-26 08:26:20,524 INFO Iter : 22700 	 LR : 0.00088 	 training loss : 16.50494 	 
2026-01-26 08:29:36,752 INFO Iter : 22800 	 LR : 0.00087 	 training loss : 15.64768 	 
2026-01-26 08:32:53,917 INFO Iter : 22900 	 LR : 0.00087 	 training loss : 15.11558 	 
2026-01-26 08:36:10,074 INFO Iter : 23000 	 LR : 0.00087 	 training loss : 16.21294 	 
2026-01-26 08:36:17,598 INFO Val. loss : 6.106 	 CER : 0.0601 	 WER : 0.2370 	 
2026-01-26 08:39:33,381 INFO Iter : 23100 	 LR : 0.00087 	 training loss : 16.01717 	 
2026-01-26 08:42:49,267 INFO Iter : 23200 	 LR : 0.00087 	 training loss : 18.21723 	 
2026-01-26 08:46:06,994 INFO Iter : 23300 	 LR : 0.00087 	 training loss : 16.86469 	 
2026-01-26 08:49:23,775 INFO Iter : 23400 	 LR : 0.00087 	 training loss : 17.23461 	 
2026-01-26 08:52:39,687 INFO Iter : 23500 	 LR : 0.00087 	 training loss : 18.45239 	 
2026-01-26 08:55:56,309 INFO Iter : 23600 	 LR : 0.00087 	 training loss : 16.70676 	 
2026-01-26 08:59:14,465 INFO Iter : 23700 	 LR : 0.00087 	 training loss : 16.07973 	 
2026-01-26 09:02:31,744 INFO Iter : 23800 	 LR : 0.00086 	 training loss : 16.51629 	 
2026-01-26 09:05:47,601 INFO Iter : 23900 	 LR : 0.00086 	 training loss : 16.94978 	 
2026-01-26 09:09:04,705 INFO Iter : 24000 	 LR : 0.00086 	 training loss : 16.57066 	 
2026-01-26 09:09:12,162 INFO Val. loss : 6.169 	 CER : 0.0601 	 WER : 0.2390 	 
2026-01-26 09:12:29,548 INFO Iter : 24100 	 LR : 0.00086 	 training loss : 17.33498 	 
2026-01-26 09:15:45,819 INFO Iter : 24200 	 LR : 0.00086 	 training loss : 17.29441 	 
2026-01-26 09:19:01,930 INFO Iter : 24300 	 LR : 0.00086 	 training loss : 16.32946 	 
2026-01-26 09:22:18,103 INFO Iter : 24400 	 LR : 0.00086 	 training loss : 16.22942 	 
2026-01-26 09:25:34,638 INFO Iter : 24500 	 LR : 0.00086 	 training loss : 15.90277 	 
2026-01-26 09:28:52,032 INFO Iter : 24600 	 LR : 0.00086 	 training loss : 16.25334 	 
2026-01-26 09:32:08,497 INFO Iter : 24700 	 LR : 0.00085 	 training loss : 15.47498 	 
2026-01-26 09:35:24,147 INFO Iter : 24800 	 LR : 0.00085 	 training loss : 16.21368 	 
2026-01-26 09:38:40,172 INFO Iter : 24900 	 LR : 0.00085 	 training loss : 16.29751 	 
2026-01-26 09:41:57,190 INFO Iter : 25000 	 LR : 0.00085 	 training loss : 16.08075 	 
2026-01-26 09:42:04,634 INFO WER improved from 0.2318 to 0.2310!!!
2026-01-26 09:42:07,019 INFO Val. loss : 6.183 	 CER : 0.0589 	 WER : 0.2310 	 
2026-01-26 09:45:22,435 INFO Iter : 25100 	 LR : 0.00085 	 training loss : 14.40978 	 
2026-01-26 09:48:39,402 INFO Iter : 25200 	 LR : 0.00085 	 training loss : 13.68232 	 
2026-01-26 09:51:55,421 INFO Iter : 25300 	 LR : 0.00085 	 training loss : 14.74732 	 
2026-01-26 09:55:12,786 INFO Iter : 25400 	 LR : 0.00085 	 training loss : 15.15353 	 
2026-01-26 09:58:29,116 INFO Iter : 25500 	 LR : 0.00085 	 training loss : 15.64682 	 
2026-01-26 10:01:45,414 INFO Iter : 25600 	 LR : 0.00084 	 training loss : 15.89414 	 
2026-01-26 10:05:01,393 INFO Iter : 25700 	 LR : 0.00084 	 training loss : 14.67861 	 
2026-01-26 10:08:19,689 INFO Iter : 25800 	 LR : 0.00084 	 training loss : 14.54817 	 
2026-01-26 10:11:36,630 INFO Iter : 25900 	 LR : 0.00084 	 training loss : 15.31290 	 
2026-01-26 10:14:53,729 INFO Iter : 26000 	 LR : 0.00084 	 training loss : 14.81829 	 
2026-01-26 10:15:01,239 INFO Val. loss : 6.204 	 CER : 0.0590 	 WER : 0.2315 	 
2026-01-26 10:18:17,946 INFO Iter : 26100 	 LR : 0.00084 	 training loss : 15.66331 	 
2026-01-26 10:21:34,723 INFO Iter : 26200 	 LR : 0.00084 	 training loss : 15.20514 	 
2026-01-26 10:24:52,569 INFO Iter : 26300 	 LR : 0.00084 	 training loss : 16.25839 	 
2026-01-26 10:28:09,840 INFO Iter : 26400 	 LR : 0.00083 	 training loss : 15.97199 	 
2026-01-26 10:31:26,046 INFO Iter : 26500 	 LR : 0.00083 	 training loss : 15.54708 	 
2026-01-26 10:34:42,046 INFO Iter : 26600 	 LR : 0.00083 	 training loss : 16.21862 	 
2026-01-26 10:38:00,364 INFO Iter : 26700 	 LR : 0.00083 	 training loss : 17.21395 	 
2026-01-26 10:41:17,236 INFO Iter : 26800 	 LR : 0.00083 	 training loss : 16.10627 	 
2026-01-26 10:44:33,953 INFO Iter : 26900 	 LR : 0.00083 	 training loss : 15.50831 	 
2026-01-26 10:47:50,037 INFO Iter : 27000 	 LR : 0.00083 	 training loss : 16.00099 	 
2026-01-26 10:47:57,494 INFO Val. loss : 6.199 	 CER : 0.0604 	 WER : 0.2363 	 
2026-01-26 10:51:14,644 INFO Iter : 27100 	 LR : 0.00083 	 training loss : 16.90899 	 
2026-01-26 10:54:30,951 INFO Iter : 27200 	 LR : 0.00083 	 training loss : 16.18330 	 
2026-01-26 10:57:47,209 INFO Iter : 27300 	 LR : 0.00082 	 training loss : 15.30324 	 
2026-01-26 11:01:03,025 INFO Iter : 27400 	 LR : 0.00082 	 training loss : 15.97155 	 
2026-01-26 11:04:20,851 INFO Iter : 27500 	 LR : 0.00082 	 training loss : 15.31587 	 
2026-01-26 11:07:37,689 INFO Iter : 27600 	 LR : 0.00082 	 training loss : 15.75368 	 
2026-01-26 11:10:54,021 INFO Iter : 27700 	 LR : 0.00082 	 training loss : 15.27542 	 
2026-01-26 11:14:10,032 INFO Iter : 27800 	 LR : 0.00082 	 training loss : 15.90454 	 
2026-01-26 11:17:28,316 INFO Iter : 27900 	 LR : 0.00082 	 training loss : 16.33921 	 
2026-01-26 11:20:44,347 INFO Iter : 28000 	 LR : 0.00082 	 training loss : 14.68613 	 
2026-01-26 11:20:51,824 INFO Val. loss : 6.235 	 CER : 0.0610 	 WER : 0.2370 	 
2026-01-26 11:24:08,508 INFO Iter : 28100 	 LR : 0.00081 	 training loss : 16.67463 	 
2026-01-26 11:27:24,749 INFO Iter : 28200 	 LR : 0.00081 	 training loss : 16.49813 	 
2026-01-26 11:30:41,266 INFO Iter : 28300 	 LR : 0.00081 	 training loss : 16.93830 	 
2026-01-26 11:33:59,723 INFO Iter : 28400 	 LR : 0.00081 	 training loss : 16.62435 	 
2026-01-26 11:37:17,150 INFO Iter : 28500 	 LR : 0.00081 	 training loss : 16.51291 	 
2026-01-26 11:40:33,342 INFO Iter : 28600 	 LR : 0.00081 	 training loss : 17.00815 	 
2026-01-26 11:43:49,507 INFO Iter : 28700 	 LR : 0.00081 	 training loss : 16.96813 	 
2026-01-26 11:47:08,578 INFO Iter : 28800 	 LR : 0.00081 	 training loss : 15.56057 	 
2026-01-26 11:50:27,321 INFO Iter : 28900 	 LR : 0.00080 	 training loss : 16.67687 	 
2026-01-26 11:53:45,243 INFO Iter : 29000 	 LR : 0.00080 	 training loss : 15.72554 	 
2026-01-26 11:53:56,084 INFO Val. loss : 6.293 	 CER : 0.0611 	 WER : 0.2360 	 
2026-01-26 11:57:17,406 INFO Iter : 29100 	 LR : 0.00080 	 training loss : 15.91956 	 
2026-01-26 12:00:36,865 INFO Iter : 29200 	 LR : 0.00080 	 training loss : 16.34260 	 
2026-01-26 12:03:56,641 INFO Iter : 29300 	 LR : 0.00080 	 training loss : 16.02875 	 
2026-01-26 12:07:16,958 INFO Iter : 29400 	 LR : 0.00080 	 training loss : 15.72518 	 
2026-01-26 12:10:36,192 INFO Iter : 29500 	 LR : 0.00080 	 training loss : 17.09434 	 
2026-01-26 12:13:55,740 INFO Iter : 29600 	 LR : 0.00080 	 training loss : 16.47117 	 
2026-01-26 12:17:12,955 INFO Iter : 29700 	 LR : 0.00079 	 training loss : 15.38727 	 
2026-01-26 12:20:29,868 INFO Iter : 29800 	 LR : 0.00079 	 training loss : 15.78256 	 
2026-01-26 12:23:46,865 INFO Iter : 29900 	 LR : 0.00079 	 training loss : 15.08963 	 
2026-01-26 12:27:02,957 INFO Iter : 30000 	 LR : 0.00079 	 training loss : 14.61305 	 
2026-01-26 12:27:10,619 INFO Val. loss : 6.331 	 CER : 0.0623 	 WER : 0.2403 	 
2026-01-26 12:30:28,021 INFO Iter : 30100 	 LR : 0.00079 	 training loss : 14.28560 	 
2026-01-26 12:33:45,520 INFO Iter : 30200 	 LR : 0.00079 	 training loss : 15.20628 	 
2026-01-26 12:37:02,393 INFO Iter : 30300 	 LR : 0.00079 	 training loss : 15.40291 	 
2026-01-26 12:40:19,292 INFO Iter : 30400 	 LR : 0.00078 	 training loss : 15.02541 	 
2026-01-26 12:43:36,451 INFO Iter : 30500 	 LR : 0.00078 	 training loss : 14.70175 	 
2026-01-26 12:46:53,316 INFO Iter : 30600 	 LR : 0.00078 	 training loss : 14.60544 	 
2026-01-26 12:50:09,851 INFO Iter : 30700 	 LR : 0.00078 	 training loss : 15.58850 	 
2026-01-26 12:53:26,566 INFO Iter : 30800 	 LR : 0.00078 	 training loss : 15.22931 	 
2026-01-26 12:56:45,353 INFO Iter : 30900 	 LR : 0.00078 	 training loss : 15.66465 	 
2026-01-26 13:00:02,656 INFO Iter : 31000 	 LR : 0.00078 	 training loss : 14.83681 	 
2026-01-26 13:00:10,265 INFO Val. loss : 6.368 	 CER : 0.0623 	 WER : 0.2395 	 
2026-01-26 13:03:26,851 INFO Iter : 31100 	 LR : 0.00078 	 training loss : 15.47127 	 
2026-01-26 13:06:43,129 INFO Iter : 31200 	 LR : 0.00077 	 training loss : 15.55311 	 
2026-01-26 13:10:01,477 INFO Iter : 31300 	 LR : 0.00077 	 training loss : 15.70272 	 
2026-01-26 13:13:18,710 INFO Iter : 31400 	 LR : 0.00077 	 training loss : 15.81893 	 
2026-01-26 13:16:36,377 INFO Iter : 31500 	 LR : 0.00077 	 training loss : 16.22106 	 
2026-01-26 13:19:53,926 INFO Iter : 31600 	 LR : 0.00077 	 training loss : 15.30567 	 
2026-01-26 13:23:12,748 INFO Iter : 31700 	 LR : 0.00077 	 training loss : 15.22423 	 
2026-01-26 13:26:29,870 INFO Iter : 31800 	 LR : 0.00077 	 training loss : 15.15210 	 
2026-01-26 13:29:46,828 INFO Iter : 31900 	 LR : 0.00076 	 training loss : 16.43184 	 
2026-01-26 13:33:03,930 INFO Iter : 32000 	 LR : 0.00076 	 training loss : 15.54303 	 
2026-01-26 13:33:11,540 INFO Val. loss : 6.409 	 CER : 0.0624 	 WER : 0.2413 	 
2026-01-26 13:36:29,038 INFO Iter : 32100 	 LR : 0.00076 	 training loss : 17.27444 	 
2026-01-26 13:39:46,711 INFO Iter : 32200 	 LR : 0.00076 	 training loss : 16.01267 	 
2026-01-26 13:43:02,914 INFO Iter : 32300 	 LR : 0.00076 	 training loss : 16.26832 	 
2026-01-26 13:46:19,461 INFO Iter : 32400 	 LR : 0.00076 	 training loss : 15.46598 	 
2026-01-26 13:49:36,378 INFO Iter : 32500 	 LR : 0.00076 	 training loss : 15.56470 	 
2026-01-26 13:52:54,129 INFO Iter : 32600 	 LR : 0.00076 	 training loss : 15.02177 	 
2026-01-26 13:56:10,460 INFO Iter : 32700 	 LR : 0.00075 	 training loss : 14.49991 	 
2026-01-26 13:59:27,863 INFO Iter : 32800 	 LR : 0.00075 	 training loss : 16.28399 	 
2026-01-26 14:02:44,354 INFO Iter : 32900 	 LR : 0.00075 	 training loss : 15.79021 	 
2026-01-26 14:06:02,078 INFO Iter : 33000 	 LR : 0.00075 	 training loss : 15.48653 	 
2026-01-26 14:06:09,687 INFO Val. loss : 6.447 	 CER : 0.0627 	 WER : 0.2431 	 
2026-01-26 14:09:27,442 INFO Iter : 33100 	 LR : 0.00075 	 training loss : 15.01063 	 
2026-01-26 14:12:45,276 INFO Iter : 33200 	 LR : 0.00075 	 training loss : 15.15205 	 
2026-01-26 14:16:02,188 INFO Iter : 33300 	 LR : 0.00075 	 training loss : 15.75580 	 
2026-01-26 14:19:20,853 INFO Iter : 33400 	 LR : 0.00074 	 training loss : 15.95582 	 
2026-01-26 14:22:37,272 INFO Iter : 33500 	 LR : 0.00074 	 training loss : 15.52320 	 
2026-01-26 14:25:53,971 INFO Iter : 33600 	 LR : 0.00074 	 training loss : 15.04129 	 
2026-01-26 14:29:11,497 INFO Iter : 33700 	 LR : 0.00074 	 training loss : 15.41198 	 
2026-01-26 14:32:28,454 INFO Iter : 33800 	 LR : 0.00074 	 training loss : 15.41406 	 
2026-01-26 14:35:45,957 INFO Iter : 33900 	 LR : 0.00074 	 training loss : 15.22446 	 
2026-01-26 14:39:02,426 INFO Iter : 34000 	 LR : 0.00074 	 training loss : 16.00926 	 
2026-01-26 14:39:10,041 INFO Val. loss : 6.461 	 CER : 0.0624 	 WER : 0.2411 	 
2026-01-26 14:42:26,052 INFO Iter : 34100 	 LR : 0.00073 	 training loss : 14.89890 	 
2026-01-26 14:45:44,000 INFO Iter : 34200 	 LR : 0.00073 	 training loss : 15.01171 	 
2026-01-26 14:49:02,094 INFO Iter : 34300 	 LR : 0.00073 	 training loss : 15.79417 	 
2026-01-26 14:52:18,934 INFO Iter : 34400 	 LR : 0.00073 	 training loss : 14.67100 	 
2026-01-26 14:55:36,236 INFO Iter : 34500 	 LR : 0.00073 	 training loss : 14.30292 	 
2026-01-26 14:58:53,817 INFO Iter : 34600 	 LR : 0.00073 	 training loss : 14.29079 	 
2026-01-26 15:02:11,828 INFO Iter : 34700 	 LR : 0.00073 	 training loss : 14.69326 	 
2026-01-26 15:05:29,106 INFO Iter : 34800 	 LR : 0.00072 	 training loss : 14.92230 	 
2026-01-26 15:08:46,001 INFO Iter : 34900 	 LR : 0.00072 	 training loss : 15.47957 	 
2026-01-26 15:12:03,042 INFO Iter : 35000 	 LR : 0.00072 	 training loss : 16.64359 	 
2026-01-26 15:12:10,684 INFO Val. loss : 6.562 	 CER : 0.0633 	 WER : 0.2461 	 
2026-01-26 15:15:28,478 INFO Iter : 35100 	 LR : 0.00072 	 training loss : 15.80634 	 
2026-01-26 15:18:45,748 INFO Iter : 35200 	 LR : 0.00072 	 training loss : 14.70508 	 
2026-01-26 15:22:02,512 INFO Iter : 35300 	 LR : 0.00072 	 training loss : 15.41943 	 
2026-01-26 15:25:19,414 INFO Iter : 35400 	 LR : 0.00072 	 training loss : 14.35772 	 
2026-01-26 15:28:37,841 INFO Iter : 35500 	 LR : 0.00071 	 training loss : 15.29796 	 
2026-01-26 15:31:54,743 INFO Iter : 35600 	 LR : 0.00071 	 training loss : 14.30784 	 
2026-01-26 15:35:11,932 INFO Iter : 35700 	 LR : 0.00071 	 training loss : 14.95041 	 
2026-01-26 15:38:28,736 INFO Iter : 35800 	 LR : 0.00071 	 training loss : 16.39642 	 
2026-01-26 15:41:45,551 INFO Iter : 35900 	 LR : 0.00071 	 training loss : 15.88299 	 
2026-01-26 15:45:04,215 INFO Iter : 36000 	 LR : 0.00071 	 training loss : 15.69242 	 
2026-01-26 15:45:11,754 INFO Val. loss : 6.623 	 CER : 0.0629 	 WER : 0.2441 	 
2026-01-26 15:48:28,346 INFO Iter : 36100 	 LR : 0.00071 	 training loss : 15.62720 	 
2026-01-26 15:51:44,733 INFO Iter : 36200 	 LR : 0.00070 	 training loss : 14.88280 	 
2026-01-26 15:55:00,625 INFO Iter : 36300 	 LR : 0.00070 	 training loss : 14.04711 	 
2026-01-26 15:58:19,499 INFO Iter : 36400 	 LR : 0.00070 	 training loss : 14.88019 	 
2026-01-26 16:01:36,914 INFO Iter : 36500 	 LR : 0.00070 	 training loss : 15.06479 	 
2026-01-26 16:04:54,591 INFO Iter : 36600 	 LR : 0.00070 	 training loss : 13.98143 	 
2026-01-26 16:08:12,473 INFO Iter : 36700 	 LR : 0.00070 	 training loss : 14.74203 	 
2026-01-26 16:11:30,152 INFO Iter : 36800 	 LR : 0.00070 	 training loss : 15.16548 	 
2026-01-26 16:14:47,499 INFO Iter : 36900 	 LR : 0.00069 	 training loss : 15.00810 	 
2026-01-26 16:18:05,492 INFO Iter : 37000 	 LR : 0.00069 	 training loss : 14.61218 	 
2026-01-26 16:18:13,094 INFO Val. loss : 6.692 	 CER : 0.0633 	 WER : 0.2461 	 
2026-01-26 16:21:30,289 INFO Iter : 37100 	 LR : 0.00069 	 training loss : 14.96852 	 
2026-01-26 16:24:48,918 INFO Iter : 37200 	 LR : 0.00069 	 training loss : 15.61896 	 
2026-01-26 16:28:05,113 INFO Iter : 37300 	 LR : 0.00069 	 training loss : 15.40025 	 
2026-01-26 16:31:21,074 INFO Iter : 37400 	 LR : 0.00069 	 training loss : 14.61600 	 
2026-01-26 16:34:38,209 INFO Iter : 37500 	 LR : 0.00069 	 training loss : 14.84737 	 
2026-01-26 16:37:54,920 INFO Iter : 37600 	 LR : 0.00068 	 training loss : 16.39203 	 
2026-01-26 16:41:12,993 INFO Iter : 37700 	 LR : 0.00068 	 training loss : 15.42531 	 
2026-01-26 16:44:30,126 INFO Iter : 37800 	 LR : 0.00068 	 training loss : 13.73572 	 
2026-01-26 16:47:46,651 INFO Iter : 37900 	 LR : 0.00068 	 training loss : 13.72109 	 
2026-01-26 16:51:03,287 INFO Iter : 38000 	 LR : 0.00068 	 training loss : 14.50030 	 
2026-01-26 16:51:10,875 INFO Val. loss : 6.723 	 CER : 0.0647 	 WER : 0.2466 	 
2026-01-26 16:54:28,727 INFO Iter : 38100 	 LR : 0.00068 	 training loss : 13.75136 	 
2026-01-26 16:57:45,413 INFO Iter : 38200 	 LR : 0.00068 	 training loss : 13.94375 	 
2026-01-26 17:01:02,406 INFO Iter : 38300 	 LR : 0.00067 	 training loss : 14.12071 	 
2026-01-26 17:04:18,712 INFO Iter : 38400 	 LR : 0.00067 	 training loss : 13.88854 	 
2026-01-26 17:07:36,191 INFO Iter : 38500 	 LR : 0.00067 	 training loss : 13.64002 	 
2026-01-26 17:10:52,453 INFO Iter : 38600 	 LR : 0.00067 	 training loss : 13.45200 	 
2026-01-26 17:14:09,002 INFO Iter : 38700 	 LR : 0.00067 	 training loss : 14.87247 	 
2026-01-26 17:17:25,495 INFO Iter : 38800 	 LR : 0.00067 	 training loss : 15.08501 	 
2026-01-26 17:20:42,795 INFO Iter : 38900 	 LR : 0.00067 	 training loss : 14.28099 	 
2026-01-26 17:23:59,104 INFO Iter : 39000 	 LR : 0.00066 	 training loss : 13.12068 	 
2026-01-26 17:24:06,680 INFO Val. loss : 6.747 	 CER : 0.0653 	 WER : 0.2483 	 
2026-01-26 17:27:22,460 INFO Iter : 39100 	 LR : 0.00066 	 training loss : 12.42600 	 
2026-01-26 17:30:39,475 INFO Iter : 39200 	 LR : 0.00066 	 training loss : 12.87870 	 
2026-01-26 17:33:56,156 INFO Iter : 39300 	 LR : 0.00066 	 training loss : 14.70369 	 
2026-01-26 17:37:13,768 INFO Iter : 39400 	 LR : 0.00066 	 training loss : 14.28674 	 
2026-01-26 17:40:30,880 INFO Iter : 39500 	 LR : 0.00066 	 training loss : 13.58798 	 
2026-01-26 17:43:48,145 INFO Iter : 39600 	 LR : 0.00065 	 training loss : 14.33638 	 
2026-01-26 17:47:05,513 INFO Iter : 39700 	 LR : 0.00065 	 training loss : 14.53724 	 
2026-01-26 17:50:23,115 INFO Iter : 39800 	 LR : 0.00065 	 training loss : 14.04566 	 
2026-01-26 17:53:39,664 INFO Iter : 39900 	 LR : 0.00065 	 training loss : 12.81665 	 
2026-01-26 17:56:56,844 INFO Iter : 40000 	 LR : 0.00065 	 training loss : 14.49264 	 
2026-01-26 17:57:04,414 INFO Val. loss : 6.746 	 CER : 0.0644 	 WER : 0.2448 	 
2026-01-26 18:00:20,748 INFO Iter : 40100 	 LR : 0.00065 	 training loss : 14.34524 	 
2026-01-26 18:03:38,708 INFO Iter : 40200 	 LR : 0.00065 	 training loss : 15.29996 	 
2026-01-26 18:06:55,612 INFO Iter : 40300 	 LR : 0.00064 	 training loss : 14.38343 	 
2026-01-26 18:10:11,830 INFO Iter : 40400 	 LR : 0.00064 	 training loss : 12.30980 	 
2026-01-26 18:13:29,040 INFO Iter : 40500 	 LR : 0.00064 	 training loss : 13.72186 	 
2026-01-26 18:16:47,143 INFO Iter : 40600 	 LR : 0.00064 	 training loss : 14.48278 	 
2026-01-26 18:20:03,790 INFO Iter : 40700 	 LR : 0.00064 	 training loss : 13.14096 	 
2026-01-26 18:23:20,721 INFO Iter : 40800 	 LR : 0.00064 	 training loss : 12.82730 	 
2026-01-26 18:26:36,702 INFO Iter : 40900 	 LR : 0.00063 	 training loss : 13.36040 	 
2026-01-26 18:29:54,328 INFO Iter : 41000 	 LR : 0.00063 	 training loss : 14.08467 	 
2026-01-26 18:30:02,008 INFO Val. loss : 6.753 	 CER : 0.0634 	 WER : 0.2416 	 
2026-01-26 18:33:18,395 INFO Iter : 41100 	 LR : 0.00063 	 training loss : 12.69331 	 
2026-01-26 18:36:34,737 INFO Iter : 41200 	 LR : 0.00063 	 training loss : 11.82893 	 
2026-01-26 18:39:51,544 INFO Iter : 41300 	 LR : 0.00063 	 training loss : 12.40710 	 
2026-01-26 18:43:08,684 INFO Iter : 41400 	 LR : 0.00063 	 training loss : 13.34604 	 
2026-01-26 18:46:26,977 INFO Iter : 41500 	 LR : 0.00063 	 training loss : 13.88804 	 
2026-01-26 18:49:43,304 INFO Iter : 41600 	 LR : 0.00062 	 training loss : 12.43973 	 
2026-01-26 18:52:59,991 INFO Iter : 41700 	 LR : 0.00062 	 training loss : 13.27001 	 
2026-01-26 18:56:16,679 INFO Iter : 41800 	 LR : 0.00062 	 training loss : 13.91886 	 
2026-01-26 18:59:34,979 INFO Iter : 41900 	 LR : 0.00062 	 training loss : 13.82297 	 
2026-01-26 19:02:51,956 INFO Iter : 42000 	 LR : 0.00062 	 training loss : 13.85488 	 
2026-01-26 19:02:59,587 INFO Val. loss : 6.729 	 CER : 0.0642 	 WER : 0.2443 	 
2026-01-26 19:06:16,504 INFO Iter : 42100 	 LR : 0.00062 	 training loss : 13.44503 	 
2026-01-26 19:09:33,269 INFO Iter : 42200 	 LR : 0.00061 	 training loss : 13.54465 	 
2026-01-26 19:12:51,115 INFO Iter : 42300 	 LR : 0.00061 	 training loss : 14.54226 	 
2026-01-26 19:16:08,725 INFO Iter : 42400 	 LR : 0.00061 	 training loss : 13.79738 	 
2026-01-26 19:19:26,044 INFO Iter : 42500 	 LR : 0.00061 	 training loss : 13.74507 	 
2026-01-26 19:22:42,405 INFO Iter : 42600 	 LR : 0.00061 	 training loss : 13.77559 	 
2026-01-26 19:25:59,819 INFO Iter : 42700 	 LR : 0.00061 	 training loss : 12.56458 	 
2026-01-26 19:29:16,118 INFO Iter : 42800 	 LR : 0.00061 	 training loss : 12.59174 	 
2026-01-26 19:32:33,594 INFO Iter : 42900 	 LR : 0.00060 	 training loss : 13.60683 	 
2026-01-26 19:35:50,225 INFO Iter : 43000 	 LR : 0.00060 	 training loss : 13.87082 	 
2026-01-26 19:35:57,837 INFO Val. loss : 6.719 	 CER : 0.0636 	 WER : 0.2390 	 
2026-01-26 19:39:13,789 INFO Iter : 43100 	 LR : 0.00060 	 training loss : 14.02068 	 
2026-01-26 19:42:31,150 INFO Iter : 43200 	 LR : 0.00060 	 training loss : 12.42394 	 
2026-01-26 19:45:47,621 INFO Iter : 43300 	 LR : 0.00060 	 training loss : 12.36667 	 
2026-01-26 19:49:05,039 INFO Iter : 43400 	 LR : 0.00060 	 training loss : 12.69982 	 
2026-01-26 19:52:21,524 INFO Iter : 43500 	 LR : 0.00059 	 training loss : 12.45297 	 
2026-01-26 19:55:39,651 INFO Iter : 43600 	 LR : 0.00059 	 training loss : 12.03115 	 
2026-01-26 19:58:56,289 INFO Iter : 43700 	 LR : 0.00059 	 training loss : 11.05511 	 
2026-01-26 20:02:13,559 INFO Iter : 43800 	 LR : 0.00059 	 training loss : 11.80593 	 
2026-01-26 20:05:30,119 INFO Iter : 43900 	 LR : 0.00059 	 training loss : 11.95569 	 
2026-01-26 20:08:47,811 INFO Iter : 44000 	 LR : 0.00059 	 training loss : 12.33189 	 
2026-01-26 20:08:55,418 INFO Val. loss : 6.744 	 CER : 0.0640 	 WER : 0.2411 	 
2026-01-26 20:12:12,424 INFO Iter : 44100 	 LR : 0.00059 	 training loss : 11.98641 	 
2026-01-26 20:15:28,869 INFO Iter : 44200 	 LR : 0.00058 	 training loss : 11.69868 	 
2026-01-26 20:18:45,576 INFO Iter : 44300 	 LR : 0.00058 	 training loss : 13.50190 	 
2026-01-26 20:22:03,796 INFO Iter : 44400 	 LR : 0.00058 	 training loss : 14.16857 	 
2026-01-26 20:25:20,641 INFO Iter : 44500 	 LR : 0.00058 	 training loss : 13.38515 	 
2026-01-26 20:28:37,832 INFO Iter : 44600 	 LR : 0.00058 	 training loss : 13.47341 	 
2026-01-26 20:31:55,184 INFO Iter : 44700 	 LR : 0.00058 	 training loss : 13.50863 	 
2026-01-26 20:35:12,836 INFO Iter : 44800 	 LR : 0.00057 	 training loss : 13.26493 	 
2026-01-26 20:38:30,881 INFO Iter : 44900 	 LR : 0.00057 	 training loss : 13.23979 	 
2026-01-26 20:41:47,238 INFO Iter : 45000 	 LR : 0.00057 	 training loss : 11.75287 	 
2026-01-26 20:41:54,860 INFO Val. loss : 6.800 	 CER : 0.0648 	 WER : 0.2433 	 
2026-01-26 20:45:12,028 INFO Iter : 45100 	 LR : 0.00057 	 training loss : 12.72826 	 
2026-01-26 20:48:28,389 INFO Iter : 45200 	 LR : 0.00057 	 training loss : 12.58682 	 
2026-01-26 20:51:45,434 INFO Iter : 45300 	 LR : 0.00057 	 training loss : 12.33826 	 
2026-01-26 20:55:02,485 INFO Iter : 45400 	 LR : 0.00056 	 training loss : 12.54690 	 
2026-01-26 20:58:19,239 INFO Iter : 45500 	 LR : 0.00056 	 training loss : 11.84674 	 
2026-01-26 21:01:36,552 INFO Iter : 45600 	 LR : 0.00056 	 training loss : 12.54594 	 
2026-01-26 21:04:53,874 INFO Iter : 45700 	 LR : 0.00056 	 training loss : 12.41465 	 
2026-01-26 21:08:10,497 INFO Iter : 45800 	 LR : 0.00056 	 training loss : 12.29286 	 
2026-01-26 21:11:27,228 INFO Iter : 45900 	 LR : 0.00056 	 training loss : 11.08035 	 
2026-01-26 21:14:44,149 INFO Iter : 46000 	 LR : 0.00056 	 training loss : 13.37269 	 
2026-01-26 21:14:51,847 INFO Val. loss : 6.818 	 CER : 0.0639 	 WER : 0.2388 	 
2026-01-26 21:18:09,803 INFO Iter : 46100 	 LR : 0.00055 	 training loss : 13.69287 	 
2026-01-26 21:21:26,713 INFO Iter : 46200 	 LR : 0.00055 	 training loss : 14.21180 	 
2026-01-26 21:24:43,735 INFO Iter : 46300 	 LR : 0.00055 	 training loss : 13.27833 	 
2026-01-26 21:28:01,177 INFO Iter : 46400 	 LR : 0.00055 	 training loss : 13.03991 	 
2026-01-26 21:31:18,917 INFO Iter : 46500 	 LR : 0.00055 	 training loss : 12.17436 	 
2026-01-26 21:34:35,443 INFO Iter : 46600 	 LR : 0.00055 	 training loss : 12.30310 	 
2026-01-26 21:37:52,760 INFO Iter : 46700 	 LR : 0.00054 	 training loss : 11.73054 	 
2026-01-26 21:41:09,283 INFO Iter : 46800 	 LR : 0.00054 	 training loss : 12.39814 	 
2026-01-26 21:44:25,536 INFO Iter : 46900 	 LR : 0.00054 	 training loss : 10.69338 	 
2026-01-26 21:47:43,333 INFO Iter : 47000 	 LR : 0.00054 	 training loss : 11.43149 	 
2026-01-26 21:47:50,961 INFO Val. loss : 6.857 	 CER : 0.0644 	 WER : 0.2401 	 
2026-01-26 21:51:07,026 INFO Iter : 47100 	 LR : 0.00054 	 training loss : 11.74734 	 
2026-01-26 21:54:23,458 INFO Iter : 47200 	 LR : 0.00054 	 training loss : 12.35117 	 
2026-01-26 21:57:40,323 INFO Iter : 47300 	 LR : 0.00053 	 training loss : 12.50294 	 
2026-01-26 22:00:58,097 INFO Iter : 47400 	 LR : 0.00053 	 training loss : 13.41831 	 
2026-01-26 22:04:14,916 INFO Iter : 47500 	 LR : 0.00053 	 training loss : 13.01366 	 
2026-01-26 22:07:31,994 INFO Iter : 47600 	 LR : 0.00053 	 training loss : 12.59548 	 
2026-01-26 22:10:49,151 INFO Iter : 47700 	 LR : 0.00053 	 training loss : 11.51898 	 
2026-01-26 22:14:06,674 INFO Iter : 47800 	 LR : 0.00053 	 training loss : 11.28501 	 
2026-01-26 22:17:24,104 INFO Iter : 47900 	 LR : 0.00053 	 training loss : 11.89532 	 
2026-01-26 22:20:41,143 INFO Iter : 48000 	 LR : 0.00052 	 training loss : 12.09779 	 
2026-01-26 22:20:48,738 INFO Val. loss : 6.901 	 CER : 0.0644 	 WER : 0.2395 	 
2026-01-26 22:24:05,007 INFO Iter : 48100 	 LR : 0.00052 	 training loss : 12.49694 	 
2026-01-26 22:27:22,640 INFO Iter : 48200 	 LR : 0.00052 	 training loss : 11.96689 	 
2026-01-26 22:30:38,769 INFO Iter : 48300 	 LR : 0.00052 	 training loss : 12.04707 	 
2026-01-26 22:33:56,123 INFO Iter : 48400 	 LR : 0.00052 	 training loss : 11.72982 	 
2026-01-26 22:37:12,447 INFO Iter : 48500 	 LR : 0.00052 	 training loss : 11.86068 	 
2026-01-26 22:40:30,426 INFO Iter : 48600 	 LR : 0.00051 	 training loss : 12.14688 	 
2026-01-26 22:43:47,257 INFO Iter : 48700 	 LR : 0.00051 	 training loss : 13.06276 	 
2026-01-26 22:47:03,598 INFO Iter : 48800 	 LR : 0.00051 	 training loss : 12.26409 	 
2026-01-26 22:50:20,174 INFO Iter : 48900 	 LR : 0.00051 	 training loss : 12.29885 	 
2026-01-26 22:53:37,173 INFO Iter : 49000 	 LR : 0.00051 	 training loss : 12.77872 	 
2026-01-26 22:53:44,795 INFO Val. loss : 6.900 	 CER : 0.0649 	 WER : 0.2418 	 
2026-01-26 22:57:03,104 INFO Iter : 49100 	 LR : 0.00051 	 training loss : 12.14517 	 
2026-01-26 23:00:19,842 INFO Iter : 49200 	 LR : 0.00050 	 training loss : 11.35150 	 
2026-01-26 23:03:37,006 INFO Iter : 49300 	 LR : 0.00050 	 training loss : 12.90142 	 
2026-01-26 23:06:54,600 INFO Iter : 49400 	 LR : 0.00050 	 training loss : 12.54563 	 
2026-01-26 23:10:13,060 INFO Iter : 49500 	 LR : 0.00050 	 training loss : 12.09922 	 
2026-01-26 23:13:29,352 INFO Iter : 49600 	 LR : 0.00050 	 training loss : 11.10804 	 
2026-01-26 23:16:46,345 INFO Iter : 49700 	 LR : 0.00050 	 training loss : 11.57020 	 
2026-01-26 23:20:03,235 INFO Iter : 49800 	 LR : 0.00050 	 training loss : 11.57309 	 
2026-01-26 23:23:21,236 INFO Iter : 49900 	 LR : 0.00049 	 training loss : 12.38338 	 
2026-01-26 23:26:37,622 INFO Iter : 50000 	 LR : 0.00049 	 training loss : 11.95615 	 
2026-01-26 23:26:45,247 INFO Val. loss : 6.904 	 CER : 0.0640 	 WER : 0.2403 	 
2026-01-26 23:30:03,201 INFO Iter : 50100 	 LR : 0.00049 	 training loss : 11.75992 	 
2026-01-26 23:33:20,759 INFO Iter : 50200 	 LR : 0.00049 	 training loss : 12.14045 	 
2026-01-26 23:36:38,442 INFO Iter : 50300 	 LR : 0.00049 	 training loss : 13.29236 	 
2026-01-26 23:39:54,791 INFO Iter : 50400 	 LR : 0.00049 	 training loss : 12.59475 	 
2026-01-26 23:43:11,638 INFO Iter : 50500 	 LR : 0.00048 	 training loss : 12.05816 	 
2026-01-26 23:46:28,272 INFO Iter : 50600 	 LR : 0.00048 	 training loss : 11.31848 	 
2026-01-26 23:49:44,226 INFO Iter : 50700 	 LR : 0.00048 	 training loss : 12.16053 	 
2026-01-26 23:53:01,775 INFO Iter : 50800 	 LR : 0.00048 	 training loss : 12.68169 	 
2026-01-26 23:56:18,648 INFO Iter : 50900 	 LR : 0.00048 	 training loss : 12.23543 	 
2026-01-26 23:59:35,599 INFO Iter : 51000 	 LR : 0.00048 	 training loss : 11.47147 	 
2026-01-26 23:59:43,251 INFO Val. loss : 6.914 	 CER : 0.0646 	 WER : 0.2403 	 
2026-01-27 00:03:00,492 INFO Iter : 51100 	 LR : 0.00047 	 training loss : 10.92423 	 
2026-01-27 00:06:18,644 INFO Iter : 51200 	 LR : 0.00047 	 training loss : 11.24713 	 
2026-01-27 00:09:35,031 INFO Iter : 51300 	 LR : 0.00047 	 training loss : 11.35803 	 
2026-01-27 00:12:51,393 INFO Iter : 51400 	 LR : 0.00047 	 training loss : 10.96662 	 
2026-01-27 00:16:08,059 INFO Iter : 51500 	 LR : 0.00047 	 training loss : 11.29793 	 
2026-01-27 00:19:25,769 INFO Iter : 51600 	 LR : 0.00047 	 training loss : 11.32932 	 
2026-01-27 00:22:42,990 INFO Iter : 51700 	 LR : 0.00047 	 training loss : 10.95703 	 
2026-01-27 00:26:00,009 INFO Iter : 51800 	 LR : 0.00046 	 training loss : 11.76918 	 
2026-01-27 00:29:15,923 INFO Iter : 51900 	 LR : 0.00046 	 training loss : 12.60005 	 
2026-01-27 00:32:32,326 INFO Iter : 52000 	 LR : 0.00046 	 training loss : 11.93479 	 
2026-01-27 00:32:39,899 INFO Val. loss : 6.936 	 CER : 0.0640 	 WER : 0.2385 	 
2026-01-27 00:35:56,158 INFO Iter : 52100 	 LR : 0.00046 	 training loss : 10.73158 	 
2026-01-27 00:39:13,397 INFO Iter : 52200 	 LR : 0.00046 	 training loss : 11.36565 	 
2026-01-27 00:42:30,005 INFO Iter : 52300 	 LR : 0.00046 	 training loss : 12.01695 	 
2026-01-27 00:45:47,027 INFO Iter : 52400 	 LR : 0.00045 	 training loss : 12.51212 	 
2026-01-27 00:49:04,556 INFO Iter : 52500 	 LR : 0.00045 	 training loss : 10.68292 	 
2026-01-27 00:52:21,123 INFO Iter : 52600 	 LR : 0.00045 	 training loss : 10.78553 	 
2026-01-27 00:55:37,234 INFO Iter : 52700 	 LR : 0.00045 	 training loss : 10.08800 	 
2026-01-27 00:58:53,688 INFO Iter : 52800 	 LR : 0.00045 	 training loss : 10.74599 	 
2026-01-27 01:02:11,557 INFO Iter : 52900 	 LR : 0.00045 	 training loss : 9.81690 	 
2026-01-27 01:05:28,379 INFO Iter : 53000 	 LR : 0.00044 	 training loss : 10.24556 	 
2026-01-27 01:05:35,922 INFO Val. loss : 6.975 	 CER : 0.0641 	 WER : 0.2428 	 
2026-01-27 01:08:51,784 INFO Iter : 53100 	 LR : 0.00044 	 training loss : 10.38854 	 
2026-01-27 01:12:08,009 INFO Iter : 53200 	 LR : 0.00044 	 training loss : 10.56444 	 
2026-01-27 01:15:25,527 INFO Iter : 53300 	 LR : 0.00044 	 training loss : 11.22102 	 
2026-01-27 01:18:41,952 INFO Iter : 53400 	 LR : 0.00044 	 training loss : 10.15225 	 
2026-01-27 01:21:58,347 INFO Iter : 53500 	 LR : 0.00044 	 training loss : 9.69669 	 
2026-01-27 01:25:14,935 INFO Iter : 53600 	 LR : 0.00044 	 training loss : 10.62670 	 
2026-01-27 01:28:32,920 INFO Iter : 53700 	 LR : 0.00043 	 training loss : 11.23901 	 
2026-01-27 01:31:49,781 INFO Iter : 53800 	 LR : 0.00043 	 training loss : 11.08030 	 
2026-01-27 01:35:06,274 INFO Iter : 53900 	 LR : 0.00043 	 training loss : 11.18466 	 
2026-01-27 01:38:22,223 INFO Iter : 54000 	 LR : 0.00043 	 training loss : 11.65724 	 
2026-01-27 01:38:29,834 INFO Val. loss : 6.980 	 CER : 0.0642 	 WER : 0.2411 	 
2026-01-27 01:41:46,694 INFO Iter : 54100 	 LR : 0.00043 	 training loss : 11.33245 	 
2026-01-27 01:45:03,215 INFO Iter : 54200 	 LR : 0.00043 	 training loss : 11.65580 	 
2026-01-27 01:48:19,127 INFO Iter : 54300 	 LR : 0.00042 	 training loss : 11.55822 	 
2026-01-27 01:51:35,397 INFO Iter : 54400 	 LR : 0.00042 	 training loss : 10.29351 	 
2026-01-27 01:54:51,712 INFO Iter : 54500 	 LR : 0.00042 	 training loss : 10.10889 	 
2026-01-27 01:58:08,899 INFO Iter : 54600 	 LR : 0.00042 	 training loss : 10.68295 	 
2026-01-27 02:01:25,285 INFO Iter : 54700 	 LR : 0.00042 	 training loss : 10.63292 	 
2026-01-27 02:04:42,711 INFO Iter : 54800 	 LR : 0.00042 	 training loss : 10.23299 	 
2026-01-27 02:07:59,442 INFO Iter : 54900 	 LR : 0.00041 	 training loss : 10.30633 	 
2026-01-27 02:11:17,048 INFO Iter : 55000 	 LR : 0.00041 	 training loss : 10.43243 	 
2026-01-27 02:11:24,656 INFO Val. loss : 6.993 	 CER : 0.0648 	 WER : 0.2413 	 
2026-01-27 02:14:41,945 INFO Iter : 55100 	 LR : 0.00041 	 training loss : 10.12411 	 
2026-01-27 02:17:58,489 INFO Iter : 55200 	 LR : 0.00041 	 training loss : 9.40821 	 
2026-01-27 02:21:15,146 INFO Iter : 55300 	 LR : 0.00041 	 training loss : 9.35065 	 
2026-01-27 02:24:32,953 INFO Iter : 55400 	 LR : 0.00041 	 training loss : 9.52916 	 
2026-01-27 02:27:50,580 INFO Iter : 55500 	 LR : 0.00041 	 training loss : 10.42094 	 
2026-01-27 02:31:08,062 INFO Iter : 55600 	 LR : 0.00040 	 training loss : 10.96914 	 
2026-01-27 02:34:24,804 INFO Iter : 55700 	 LR : 0.00040 	 training loss : 10.60248 	 
2026-01-27 02:37:42,846 INFO Iter : 55800 	 LR : 0.00040 	 training loss : 10.68492 	 
2026-01-27 02:40:59,463 INFO Iter : 55900 	 LR : 0.00040 	 training loss : 9.23317 	 
2026-01-27 02:44:15,360 INFO Iter : 56000 	 LR : 0.00040 	 training loss : 9.56145 	 
2026-01-27 02:44:22,950 INFO Val. loss : 7.017 	 CER : 0.0653 	 WER : 0.2466 	 
2026-01-27 02:47:39,449 INFO Iter : 56100 	 LR : 0.00040 	 training loss : 10.80203 	 
2026-01-27 02:50:56,280 INFO Iter : 56200 	 LR : 0.00039 	 training loss : 10.19661 	 
2026-01-27 02:54:14,463 INFO Iter : 56300 	 LR : 0.00039 	 training loss : 9.90258 	 
2026-01-27 02:57:31,215 INFO Iter : 56400 	 LR : 0.00039 	 training loss : 10.31697 	 
2026-01-27 03:00:48,342 INFO Iter : 56500 	 LR : 0.00039 	 training loss : 10.14187 	 
2026-01-27 03:04:05,202 INFO Iter : 56600 	 LR : 0.00039 	 training loss : 10.80798 	 
2026-01-27 03:07:23,138 INFO Iter : 56700 	 LR : 0.00039 	 training loss : 10.12478 	 
2026-01-27 03:10:40,246 INFO Iter : 56800 	 LR : 0.00039 	 training loss : 10.02737 	 
2026-01-27 03:13:56,685 INFO Iter : 56900 	 LR : 0.00038 	 training loss : 9.40158 	 
2026-01-27 03:17:12,802 INFO Iter : 57000 	 LR : 0.00038 	 training loss : 10.25133 	 
2026-01-27 03:17:20,359 INFO Val. loss : 7.049 	 CER : 0.0658 	 WER : 0.2503 	 
2026-01-27 03:20:38,277 INFO Iter : 57100 	 LR : 0.00038 	 training loss : 10.64994 	 
2026-01-27 03:23:55,357 INFO Iter : 57200 	 LR : 0.00038 	 training loss : 10.40155 	 
2026-01-27 03:27:11,953 INFO Iter : 57300 	 LR : 0.00038 	 training loss : 10.85482 	 
2026-01-27 03:30:28,003 INFO Iter : 57400 	 LR : 0.00038 	 training loss : 9.95168 	 
2026-01-27 03:33:46,287 INFO Iter : 57500 	 LR : 0.00037 	 training loss : 9.91093 	 
2026-01-27 03:37:03,475 INFO Iter : 57600 	 LR : 0.00037 	 training loss : 9.38553 	 
2026-01-27 03:40:19,646 INFO Iter : 57700 	 LR : 0.00037 	 training loss : 9.97544 	 
2026-01-27 03:43:36,338 INFO Iter : 57800 	 LR : 0.00037 	 training loss : 10.27258 	 
2026-01-27 03:46:54,551 INFO Iter : 57900 	 LR : 0.00037 	 training loss : 9.92530 	 
2026-01-27 03:50:11,057 INFO Iter : 58000 	 LR : 0.00037 	 training loss : 9.64846 	 
2026-01-27 03:50:18,648 INFO Val. loss : 7.081 	 CER : 0.0658 	 WER : 0.2493 	 
2026-01-27 03:53:35,764 INFO Iter : 58100 	 LR : 0.00037 	 training loss : 10.49497 	 
2026-01-27 03:56:52,920 INFO Iter : 58200 	 LR : 0.00036 	 training loss : 9.35244 	 
2026-01-27 04:00:10,535 INFO Iter : 58300 	 LR : 0.00036 	 training loss : 10.37944 	 
2026-01-27 04:03:28,375 INFO Iter : 58400 	 LR : 0.00036 	 training loss : 9.61039 	 
2026-01-27 04:06:45,281 INFO Iter : 58500 	 LR : 0.00036 	 training loss : 8.57019 	 
2026-01-27 04:10:02,515 INFO Iter : 58600 	 LR : 0.00036 	 training loss : 8.87098 	 
2026-01-27 04:13:19,710 INFO Iter : 58700 	 LR : 0.00036 	 training loss : 9.50629 	 
2026-01-27 04:16:38,300 INFO Iter : 58800 	 LR : 0.00035 	 training loss : 9.31352 	 
2026-01-27 04:19:54,841 INFO Iter : 58900 	 LR : 0.00035 	 training loss : 9.09332 	 
2026-01-27 04:23:11,189 INFO Iter : 59000 	 LR : 0.00035 	 training loss : 9.51319 	 
2026-01-27 04:23:18,768 INFO Val. loss : 7.150 	 CER : 0.0665 	 WER : 0.2528 	 
2026-01-27 04:26:35,383 INFO Iter : 59100 	 LR : 0.00035 	 training loss : 9.38264 	 
2026-01-27 04:29:53,893 INFO Iter : 59200 	 LR : 0.00035 	 training loss : 9.20488 	 
2026-01-27 04:33:10,976 INFO Iter : 59300 	 LR : 0.00035 	 training loss : 9.63923 	 
2026-01-27 04:36:27,844 INFO Iter : 59400 	 LR : 0.00035 	 training loss : 9.38843 	 
2026-01-27 04:39:44,289 INFO Iter : 59500 	 LR : 0.00034 	 training loss : 9.05658 	 
2026-01-27 04:43:02,965 INFO Iter : 59600 	 LR : 0.00034 	 training loss : 9.37414 	 
2026-01-27 04:46:19,557 INFO Iter : 59700 	 LR : 0.00034 	 training loss : 8.86282 	 
2026-01-27 04:49:36,857 INFO Iter : 59800 	 LR : 0.00034 	 training loss : 8.96589 	 
2026-01-27 04:52:52,773 INFO Iter : 59900 	 LR : 0.00034 	 training loss : 8.42637 	 
2026-01-27 04:56:09,571 INFO Iter : 60000 	 LR : 0.00034 	 training loss : 8.26335 	 
2026-01-27 04:56:17,160 INFO Val. loss : 7.208 	 CER : 0.0668 	 WER : 0.2543 	 
2026-01-27 04:59:35,584 INFO Iter : 60100 	 LR : 0.00034 	 training loss : 8.82370 	 
2026-01-27 05:02:52,579 INFO Iter : 60200 	 LR : 0.00033 	 training loss : 8.40193 	 
2026-01-27 05:06:09,568 INFO Iter : 60300 	 LR : 0.00033 	 training loss : 8.19242 	 
2026-01-27 05:09:25,849 INFO Iter : 60400 	 LR : 0.00033 	 training loss : 8.94766 	 
2026-01-27 05:12:42,862 INFO Iter : 60500 	 LR : 0.00033 	 training loss : 8.68850 	 
2026-01-27 05:15:59,583 INFO Iter : 60600 	 LR : 0.00033 	 training loss : 8.89566 	 
2026-01-27 05:19:15,691 INFO Iter : 60700 	 LR : 0.00033 	 training loss : 9.56280 	 
2026-01-27 05:22:32,339 INFO Iter : 60800 	 LR : 0.00032 	 training loss : 10.30041 	 
2026-01-27 05:25:49,554 INFO Iter : 60900 	 LR : 0.00032 	 training loss : 9.77144 	 
2026-01-27 05:29:05,833 INFO Iter : 61000 	 LR : 0.00032 	 training loss : 8.75120 	 
2026-01-27 05:29:13,450 INFO Val. loss : 7.274 	 CER : 0.0673 	 WER : 0.2536 	 
2026-01-27 05:32:30,538 INFO Iter : 61100 	 LR : 0.00032 	 training loss : 9.57039 	 
2026-01-27 05:35:47,559 INFO Iter : 61200 	 LR : 0.00032 	 training loss : 8.93677 	 
2026-01-27 05:39:05,458 INFO Iter : 61300 	 LR : 0.00032 	 training loss : 8.76012 	 
2026-01-27 05:42:22,169 INFO Iter : 61400 	 LR : 0.00032 	 training loss : 8.77968 	 
2026-01-27 05:45:39,328 INFO Iter : 61500 	 LR : 0.00031 	 training loss : 8.47361 	 
2026-01-27 05:48:56,298 INFO Iter : 61600 	 LR : 0.00031 	 training loss : 8.46241 	 
2026-01-27 05:52:14,203 INFO Iter : 61700 	 LR : 0.00031 	 training loss : 8.40922 	 
2026-01-27 05:55:30,926 INFO Iter : 61800 	 LR : 0.00031 	 training loss : 8.04987 	 
2026-01-27 05:58:46,971 INFO Iter : 61900 	 LR : 0.00031 	 training loss : 8.31072 	 
2026-01-27 06:02:04,295 INFO Iter : 62000 	 LR : 0.00031 	 training loss : 8.28526 	 
2026-01-27 06:02:11,877 INFO Val. loss : 7.282 	 CER : 0.0682 	 WER : 0.2576 	 
2026-01-27 06:05:29,227 INFO Iter : 62100 	 LR : 0.00031 	 training loss : 8.39999 	 
2026-01-27 06:08:47,164 INFO Iter : 62200 	 LR : 0.00030 	 training loss : 8.24135 	 
2026-01-27 06:12:04,260 INFO Iter : 62300 	 LR : 0.00030 	 training loss : 8.54429 	 
2026-01-27 06:15:20,142 INFO Iter : 62400 	 LR : 0.00030 	 training loss : 8.73411 	 
2026-01-27 06:18:37,384 INFO Iter : 62500 	 LR : 0.00030 	 training loss : 8.98390 	 
2026-01-27 06:21:54,900 INFO Iter : 62600 	 LR : 0.00030 	 training loss : 8.62667 	 
2026-01-27 06:25:11,197 INFO Iter : 62700 	 LR : 0.00030 	 training loss : 8.06085 	 
2026-01-27 06:28:28,270 INFO Iter : 62800 	 LR : 0.00030 	 training loss : 7.76895 	 
2026-01-27 06:31:45,559 INFO Iter : 62900 	 LR : 0.00029 	 training loss : 7.83149 	 
2026-01-27 06:35:03,138 INFO Iter : 63000 	 LR : 0.00029 	 training loss : 7.66811 	 
2026-01-27 06:35:10,699 INFO Val. loss : 7.328 	 CER : 0.0678 	 WER : 0.2566 	 
2026-01-27 06:38:27,792 INFO Iter : 63100 	 LR : 0.00029 	 training loss : 8.23459 	 
2026-01-27 06:41:43,916 INFO Iter : 63200 	 LR : 0.00029 	 training loss : 7.63042 	 
2026-01-27 06:44:59,850 INFO Iter : 63300 	 LR : 0.00029 	 training loss : 7.82663 	 
2026-01-27 06:48:17,679 INFO Iter : 63400 	 LR : 0.00029 	 training loss : 8.68150 	 
2026-01-27 06:51:34,651 INFO Iter : 63500 	 LR : 0.00029 	 training loss : 7.50181 	 
2026-01-27 06:54:51,901 INFO Iter : 63600 	 LR : 0.00028 	 training loss : 8.35064 	 
2026-01-27 06:58:09,301 INFO Iter : 63700 	 LR : 0.00028 	 training loss : 8.62431 	 
2026-01-27 07:01:25,943 INFO Iter : 63800 	 LR : 0.00028 	 training loss : 8.67861 	 
2026-01-27 07:04:43,635 INFO Iter : 63900 	 LR : 0.00028 	 training loss : 9.22147 	 
2026-01-27 07:07:59,923 INFO Iter : 64000 	 LR : 0.00028 	 training loss : 8.21795 	 
2026-01-27 07:08:07,515 INFO Val. loss : 7.371 	 CER : 0.0683 	 WER : 0.2568 	 
2026-01-27 07:11:24,472 INFO Iter : 64100 	 LR : 0.00028 	 training loss : 7.70344 	 
2026-01-27 07:14:41,786 INFO Iter : 64200 	 LR : 0.00028 	 training loss : 7.89965 	 
2026-01-27 07:18:00,565 INFO Iter : 64300 	 LR : 0.00027 	 training loss : 8.03589 	 
2026-01-27 07:21:17,247 INFO Iter : 64400 	 LR : 0.00027 	 training loss : 7.46733 	 
2026-01-27 07:24:34,240 INFO Iter : 64500 	 LR : 0.00027 	 training loss : 7.18517 	 
2026-01-27 07:27:50,869 INFO Iter : 64600 	 LR : 0.00027 	 training loss : 7.01318 	 
2026-01-27 07:31:08,691 INFO Iter : 64700 	 LR : 0.00027 	 training loss : 7.53725 	 
2026-01-27 07:34:25,789 INFO Iter : 64800 	 LR : 0.00027 	 training loss : 6.76158 	 
2026-01-27 07:37:41,600 INFO Iter : 64900 	 LR : 0.00027 	 training loss : 6.90359 	 
2026-01-27 07:40:58,847 INFO Iter : 65000 	 LR : 0.00026 	 training loss : 7.11188 	 
2026-01-27 07:41:06,478 INFO Val. loss : 7.389 	 CER : 0.0686 	 WER : 0.2556 	 
2026-01-27 07:44:24,214 INFO Iter : 65100 	 LR : 0.00026 	 training loss : 7.04891 	 
2026-01-27 07:47:40,726 INFO Iter : 65200 	 LR : 0.00026 	 training loss : 6.89314 	 
2026-01-27 07:50:57,329 INFO Iter : 65300 	 LR : 0.00026 	 training loss : 7.50417 	 
2026-01-27 07:54:14,040 INFO Iter : 65400 	 LR : 0.00026 	 training loss : 7.46871 	 
2026-01-27 07:57:30,563 INFO Iter : 65500 	 LR : 0.00026 	 training loss : 7.44999 	 
2026-01-27 08:00:48,453 INFO Iter : 65600 	 LR : 0.00026 	 training loss : 7.60202 	 
2026-01-27 08:04:05,276 INFO Iter : 65700 	 LR : 0.00025 	 training loss : 7.67350 	 
2026-01-27 08:07:22,389 INFO Iter : 65800 	 LR : 0.00025 	 training loss : 7.18278 	 
2026-01-27 08:10:39,060 INFO Iter : 65900 	 LR : 0.00025 	 training loss : 6.87775 	 
2026-01-27 08:13:56,716 INFO Iter : 66000 	 LR : 0.00025 	 training loss : 6.78911 	 
2026-01-27 08:14:04,352 INFO Val. loss : 7.413 	 CER : 0.0694 	 WER : 0.2601 	 
2026-01-27 08:17:21,601 INFO Iter : 66100 	 LR : 0.00025 	 training loss : 6.53222 	 
2026-01-27 08:20:39,313 INFO Iter : 66200 	 LR : 0.00025 	 training loss : 7.14163 	 
2026-01-27 08:23:55,934 INFO Iter : 66300 	 LR : 0.00025 	 training loss : 6.82824 	 
2026-01-27 08:27:13,914 INFO Iter : 66400 	 LR : 0.00024 	 training loss : 6.45950 	 
2026-01-27 08:30:30,767 INFO Iter : 66500 	 LR : 0.00024 	 training loss : 6.54932 	 
2026-01-27 08:33:48,215 INFO Iter : 66600 	 LR : 0.00024 	 training loss : 6.35896 	 
2026-01-27 08:37:04,560 INFO Iter : 66700 	 LR : 0.00024 	 training loss : 6.12138 	 
2026-01-27 08:40:22,146 INFO Iter : 66800 	 LR : 0.00024 	 training loss : 6.95373 	 
2026-01-27 08:43:38,771 INFO Iter : 66900 	 LR : 0.00024 	 training loss : 6.33857 	 
2026-01-27 08:46:55,402 INFO Iter : 67000 	 LR : 0.00024 	 training loss : 6.79595 	 
2026-01-27 08:47:02,989 INFO Val. loss : 7.454 	 CER : 0.0692 	 WER : 0.2568 	 
2026-01-27 08:50:20,126 INFO Iter : 67100 	 LR : 0.00024 	 training loss : 7.01256 	 
2026-01-27 08:53:37,639 INFO Iter : 67200 	 LR : 0.00023 	 training loss : 7.11061 	 
2026-01-27 08:56:54,801 INFO Iter : 67300 	 LR : 0.00023 	 training loss : 6.45999 	 
2026-01-27 09:00:12,014 INFO Iter : 67400 	 LR : 0.00023 	 training loss : 7.00447 	 
2026-01-27 09:03:29,223 INFO Iter : 67500 	 LR : 0.00023 	 training loss : 6.60470 	 
2026-01-27 09:06:46,298 INFO Iter : 67600 	 LR : 0.00023 	 training loss : 6.49325 	 
2026-01-27 09:10:03,760 INFO Iter : 67700 	 LR : 0.00023 	 training loss : 6.40638 	 
2026-01-27 09:13:20,193 INFO Iter : 67800 	 LR : 0.00023 	 training loss : 6.82080 	 
2026-01-27 09:16:35,828 INFO Iter : 67900 	 LR : 0.00022 	 training loss : 7.12544 	 
2026-01-27 09:19:53,079 INFO Iter : 68000 	 LR : 0.00022 	 training loss : 7.04888 	 
2026-01-27 09:20:00,691 INFO Val. loss : 7.495 	 CER : 0.0698 	 WER : 0.2588 	 
2026-01-27 09:23:19,061 INFO Iter : 68100 	 LR : 0.00022 	 training loss : 6.94390 	 
2026-01-27 09:26:35,756 INFO Iter : 68200 	 LR : 0.00022 	 training loss : 6.51035 	 
2026-01-27 09:29:51,750 INFO Iter : 68300 	 LR : 0.00022 	 training loss : 6.14728 	 
2026-01-27 09:33:08,675 INFO Iter : 68400 	 LR : 0.00022 	 training loss : 6.11041 	 
2026-01-27 09:36:27,045 INFO Iter : 68500 	 LR : 0.00022 	 training loss : 5.71716 	 
2026-01-27 09:39:43,560 INFO Iter : 68600 	 LR : 0.00022 	 training loss : 5.72122 	 
2026-01-27 09:43:00,049 INFO Iter : 68700 	 LR : 0.00021 	 training loss : 6.06337 	 
2026-01-27 09:46:16,137 INFO Iter : 68800 	 LR : 0.00021 	 training loss : 6.05316 	 
2026-01-27 09:49:33,263 INFO Iter : 68900 	 LR : 0.00021 	 training loss : 6.55018 	 
2026-01-27 09:52:49,642 INFO Iter : 69000 	 LR : 0.00021 	 training loss : 6.24355 	 
2026-01-27 09:52:57,223 INFO Val. loss : 7.536 	 CER : 0.0700 	 WER : 0.2586 	 
2026-01-27 09:56:12,826 INFO Iter : 69100 	 LR : 0.00021 	 training loss : 6.25992 	 
2026-01-27 09:59:29,011 INFO Iter : 69200 	 LR : 0.00021 	 training loss : 6.24698 	 
2026-01-27 10:02:44,754 INFO Iter : 69300 	 LR : 0.00021 	 training loss : 6.21378 	 
2026-01-27 10:06:02,696 INFO Iter : 69400 	 LR : 0.00020 	 training loss : 6.54629 	 
2026-01-27 10:09:18,774 INFO Iter : 69500 	 LR : 0.00020 	 training loss : 6.54365 	 
2026-01-27 10:12:34,948 INFO Iter : 69600 	 LR : 0.00020 	 training loss : 6.65534 	 
2026-01-27 10:15:51,920 INFO Iter : 69700 	 LR : 0.00020 	 training loss : 6.44447 	 
2026-01-27 10:19:09,637 INFO Iter : 69800 	 LR : 0.00020 	 training loss : 6.35839 	 
2026-01-27 10:22:26,304 INFO Iter : 69900 	 LR : 0.00020 	 training loss : 6.63455 	 
2026-01-27 10:25:42,320 INFO Iter : 70000 	 LR : 0.00020 	 training loss : 5.78548 	 
2026-01-27 10:25:49,943 INFO Val. loss : 7.602 	 CER : 0.0695 	 WER : 0.2568 	 
2026-01-27 10:29:06,947 INFO Iter : 70100 	 LR : 0.00020 	 training loss : 5.90961 	 
2026-01-27 10:32:24,158 INFO Iter : 70200 	 LR : 0.00019 	 training loss : 6.18866 	 
2026-01-27 10:35:41,214 INFO Iter : 70300 	 LR : 0.00019 	 training loss : 6.48321 	 
2026-01-27 10:38:58,585 INFO Iter : 70400 	 LR : 0.00019 	 training loss : 5.79676 	 
2026-01-27 10:42:15,358 INFO Iter : 70500 	 LR : 0.00019 	 training loss : 6.15236 	 
2026-01-27 10:45:33,174 INFO Iter : 70600 	 LR : 0.00019 	 training loss : 6.23103 	 
2026-01-27 10:48:50,233 INFO Iter : 70700 	 LR : 0.00019 	 training loss : 6.36127 	 
2026-01-27 10:52:07,162 INFO Iter : 70800 	 LR : 0.00019 	 training loss : 6.33487 	 
2026-01-27 10:55:24,490 INFO Iter : 70900 	 LR : 0.00019 	 training loss : 6.56644 	 
2026-01-27 10:58:42,571 INFO Iter : 71000 	 LR : 0.00018 	 training loss : 5.86044 	 
2026-01-27 10:58:50,124 INFO Val. loss : 7.601 	 CER : 0.0694 	 WER : 0.2573 	 
2026-01-27 11:02:06,427 INFO Iter : 71100 	 LR : 0.00018 	 training loss : 5.43975 	 
2026-01-27 11:05:22,946 INFO Iter : 71200 	 LR : 0.00018 	 training loss : 5.58184 	 
2026-01-27 11:08:39,329 INFO Iter : 71300 	 LR : 0.00018 	 training loss : 5.14286 	 
2026-01-27 11:11:56,549 INFO Iter : 71400 	 LR : 0.00018 	 training loss : 5.91082 	 
2026-01-27 11:15:14,834 INFO Iter : 71500 	 LR : 0.00018 	 training loss : 5.75848 	 
2026-01-27 11:18:31,287 INFO Iter : 71600 	 LR : 0.00018 	 training loss : 5.65349 	 
2026-01-27 11:21:49,173 INFO Iter : 71700 	 LR : 0.00018 	 training loss : 5.40476 	 
2026-01-27 11:25:06,879 INFO Iter : 71800 	 LR : 0.00018 	 training loss : 5.87146 	 
2026-01-27 11:28:25,202 INFO Iter : 71900 	 LR : 0.00017 	 training loss : 5.67272 	 
2026-01-27 11:31:40,972 INFO Iter : 72000 	 LR : 0.00017 	 training loss : 5.49619 	 
2026-01-27 11:31:48,524 INFO Val. loss : 7.594 	 CER : 0.0701 	 WER : 0.2571 	 
2026-01-27 11:35:05,018 INFO Iter : 72100 	 LR : 0.00017 	 training loss : 5.67296 	 
2026-01-27 11:38:22,093 INFO Iter : 72200 	 LR : 0.00017 	 training loss : 6.10794 	 
2026-01-27 11:41:39,479 INFO Iter : 72300 	 LR : 0.00017 	 training loss : 6.11840 	 
2026-01-27 11:44:56,877 INFO Iter : 72400 	 LR : 0.00017 	 training loss : 6.22617 	 
2026-01-27 11:48:13,384 INFO Iter : 72500 	 LR : 0.00017 	 training loss : 6.19053 	 
2026-01-27 11:51:29,366 INFO Iter : 72600 	 LR : 0.00017 	 training loss : 6.88429 	 
2026-01-27 11:54:46,674 INFO Iter : 72700 	 LR : 0.00016 	 training loss : 6.47036 	 
2026-01-27 11:58:02,952 INFO Iter : 72800 	 LR : 0.00016 	 training loss : 5.60811 	 
2026-01-27 12:01:20,702 INFO Iter : 72900 	 LR : 0.00016 	 training loss : 5.82218 	 
2026-01-27 12:04:38,533 INFO Iter : 73000 	 LR : 0.00016 	 training loss : 5.75744 	 
2026-01-27 12:04:46,216 INFO Val. loss : 7.616 	 CER : 0.0698 	 WER : 0.2563 	 
2026-01-27 12:08:02,520 INFO Iter : 73100 	 LR : 0.00016 	 training loss : 5.76394 	 
2026-01-27 12:11:19,720 INFO Iter : 73200 	 LR : 0.00016 	 training loss : 6.04394 	 
2026-01-27 12:14:37,045 INFO Iter : 73300 	 LR : 0.00016 	 training loss : 6.00793 	 
2026-01-27 12:17:53,764 INFO Iter : 73400 	 LR : 0.00016 	 training loss : 5.51717 	 
2026-01-27 12:21:09,858 INFO Iter : 73500 	 LR : 0.00016 	 training loss : 5.26733 	 
2026-01-27 12:24:28,797 INFO Iter : 73600 	 LR : 0.00015 	 training loss : 6.01245 	 
2026-01-27 12:27:45,061 INFO Iter : 73700 	 LR : 0.00015 	 training loss : 5.79352 	 
2026-01-27 12:31:01,973 INFO Iter : 73800 	 LR : 0.00015 	 training loss : 5.68581 	 
2026-01-27 12:34:18,553 INFO Iter : 73900 	 LR : 0.00015 	 training loss : 5.59968 	 
2026-01-27 12:37:36,264 INFO Iter : 74000 	 LR : 0.00015 	 training loss : 5.55017 	 
2026-01-27 12:37:43,829 INFO Val. loss : 7.671 	 CER : 0.0699 	 WER : 0.2591 	 
2026-01-27 12:41:00,615 INFO Iter : 74100 	 LR : 0.00015 	 training loss : 5.42329 	 
2026-01-27 12:44:17,690 INFO Iter : 74200 	 LR : 0.00015 	 training loss : 5.79811 	 
2026-01-27 12:47:34,244 INFO Iter : 74300 	 LR : 0.00015 	 training loss : 6.30295 	 
2026-01-27 12:50:52,578 INFO Iter : 74400 	 LR : 0.00014 	 training loss : 5.99578 	 
2026-01-27 12:54:08,835 INFO Iter : 74500 	 LR : 0.00014 	 training loss : 5.62507 	 
2026-01-27 12:57:24,703 INFO Iter : 74600 	 LR : 0.00014 	 training loss : 5.28084 	 
2026-01-27 13:00:41,268 INFO Iter : 74700 	 LR : 0.00014 	 training loss : 5.37352 	 
2026-01-27 13:03:58,356 INFO Iter : 74800 	 LR : 0.00014 	 training loss : 5.31308 	 
2026-01-27 13:07:14,834 INFO Iter : 74900 	 LR : 0.00014 	 training loss : 4.90137 	 
2026-01-27 13:10:31,753 INFO Iter : 75000 	 LR : 0.00014 	 training loss : 5.23036 	 
2026-01-27 13:10:39,307 INFO Val. loss : 7.685 	 CER : 0.0716 	 WER : 0.2648 	 
2026-01-27 13:13:56,556 INFO Iter : 75100 	 LR : 0.00014 	 training loss : 5.15037 	 
2026-01-27 13:17:12,916 INFO Iter : 75200 	 LR : 0.00014 	 training loss : 5.16317 	 
2026-01-27 13:20:30,265 INFO Iter : 75300 	 LR : 0.00013 	 training loss : 4.70768 	 
2026-01-27 13:23:46,153 INFO Iter : 75400 	 LR : 0.00013 	 training loss : 4.96537 	 
2026-01-27 13:27:02,599 INFO Iter : 75500 	 LR : 0.00013 	 training loss : 4.94719 	 
2026-01-27 13:30:19,258 INFO Iter : 75600 	 LR : 0.00013 	 training loss : 5.32284 	 
2026-01-27 13:33:37,113 INFO Iter : 75700 	 LR : 0.00013 	 training loss : 4.87104 	 
2026-01-27 13:36:53,762 INFO Iter : 75800 	 LR : 0.00013 	 training loss : 4.68286 	 
2026-01-27 13:40:11,043 INFO Iter : 75900 	 LR : 0.00013 	 training loss : 5.02201 	 
2026-01-27 13:43:28,210 INFO Iter : 76000 	 LR : 0.00013 	 training loss : 5.40531 	 
2026-01-27 13:43:35,795 INFO Val. loss : 7.707 	 CER : 0.0715 	 WER : 0.2638 	 
2026-01-27 13:46:54,314 INFO Iter : 76100 	 LR : 0.00013 	 training loss : 5.08790 	 
2026-01-27 13:50:10,821 INFO Iter : 76200 	 LR : 0.00013 	 training loss : 4.99615 	 
2026-01-27 13:53:27,989 INFO Iter : 76300 	 LR : 0.00012 	 training loss : 5.41893 	 
2026-01-27 13:56:45,065 INFO Iter : 76400 	 LR : 0.00012 	 training loss : 5.37810 	 
2026-01-27 14:00:02,631 INFO Iter : 76500 	 LR : 0.00012 	 training loss : 5.52089 	 
2026-01-27 14:03:19,156 INFO Iter : 76600 	 LR : 0.00012 	 training loss : 5.16382 	 
2026-01-27 14:06:36,242 INFO Iter : 76700 	 LR : 0.00012 	 training loss : 5.55534 	 
2026-01-27 14:09:53,061 INFO Iter : 76800 	 LR : 0.00012 	 training loss : 5.21937 	 
2026-01-27 14:13:10,016 INFO Iter : 76900 	 LR : 0.00012 	 training loss : 5.21322 	 
2026-01-27 14:16:27,402 INFO Iter : 77000 	 LR : 0.00012 	 training loss : 5.25318 	 
2026-01-27 14:16:34,951 INFO Val. loss : 7.762 	 CER : 0.0718 	 WER : 0.2631 	 
2026-01-27 14:19:52,052 INFO Iter : 77100 	 LR : 0.00012 	 training loss : 5.28158 	 
2026-01-27 14:23:08,796 INFO Iter : 77200 	 LR : 0.00012 	 training loss : 5.14776 	 
2026-01-27 14:26:25,565 INFO Iter : 77300 	 LR : 0.00011 	 training loss : 4.92661 	 
2026-01-27 14:29:43,674 INFO Iter : 77400 	 LR : 0.00011 	 training loss : 4.90371 	 
2026-01-27 14:33:00,897 INFO Iter : 77500 	 LR : 0.00011 	 training loss : 4.87876 	 
2026-01-27 14:36:17,908 INFO Iter : 77600 	 LR : 0.00011 	 training loss : 5.20185 	 
2026-01-27 14:39:35,219 INFO Iter : 77700 	 LR : 0.00011 	 training loss : 5.83252 	 
2026-01-27 14:42:53,203 INFO Iter : 77800 	 LR : 0.00011 	 training loss : 5.45836 	 
2026-01-27 14:46:09,872 INFO Iter : 77900 	 LR : 0.00011 	 training loss : 5.51514 	 
2026-01-27 14:49:27,283 INFO Iter : 78000 	 LR : 0.00011 	 training loss : 5.45593 	 
2026-01-27 14:49:34,958 INFO Val. loss : 7.822 	 CER : 0.0715 	 WER : 0.2601 	 
2026-01-27 14:52:52,913 INFO Iter : 78100 	 LR : 0.00011 	 training loss : 5.31237 	 
2026-01-27 14:56:11,668 INFO Iter : 78200 	 LR : 0.00011 	 training loss : 5.28817 	 
2026-01-27 14:59:30,000 INFO Iter : 78300 	 LR : 0.00010 	 training loss : 4.88075 	 
2026-01-27 15:02:48,881 INFO Iter : 78400 	 LR : 0.00010 	 training loss : 5.50761 	 
2026-01-27 15:06:06,645 INFO Iter : 78500 	 LR : 0.00010 	 training loss : 4.75582 	 
2026-01-27 15:09:25,339 INFO Iter : 78600 	 LR : 0.00010 	 training loss : 4.98694 	 
2026-01-27 15:12:44,813 INFO Iter : 78700 	 LR : 0.00010 	 training loss : 4.54025 	 
2026-01-27 15:16:02,612 INFO Iter : 78800 	 LR : 0.00010 	 training loss : 4.55977 	 
2026-01-27 15:19:21,269 INFO Iter : 78900 	 LR : 0.00010 	 training loss : 5.06966 	 
2026-01-27 15:22:40,116 INFO Iter : 79000 	 LR : 0.00010 	 training loss : 4.63712 	 
2026-01-27 15:22:47,747 INFO Val. loss : 7.897 	 CER : 0.0722 	 WER : 0.2613 	 
2026-01-27 15:26:06,546 INFO Iter : 79100 	 LR : 0.00010 	 training loss : 4.95408 	 
2026-01-27 15:29:24,954 INFO Iter : 79200 	 LR : 0.00010 	 training loss : 4.67814 	 
2026-01-27 15:32:43,294 INFO Iter : 79300 	 LR : 0.00009 	 training loss : 4.59279 	 
2026-01-27 15:36:01,978 INFO Iter : 79400 	 LR : 0.00009 	 training loss : 4.47616 	 
2026-01-27 15:39:21,998 INFO Iter : 79500 	 LR : 0.00009 	 training loss : 4.59661 	 
2026-01-27 15:42:40,377 INFO Iter : 79600 	 LR : 0.00009 	 training loss : 4.91160 	 
2026-01-27 15:45:59,001 INFO Iter : 79700 	 LR : 0.00009 	 training loss : 4.94119 	 
2026-01-27 15:49:17,009 INFO Iter : 79800 	 LR : 0.00009 	 training loss : 4.78165 	 
2026-01-27 15:52:36,083 INFO Iter : 79900 	 LR : 0.00009 	 training loss : 4.66995 	 
2026-01-27 15:55:54,222 INFO Iter : 80000 	 LR : 0.00009 	 training loss : 4.89440 	 
2026-01-27 15:56:01,843 INFO Val. loss : 7.930 	 CER : 0.0729 	 WER : 0.2636 	 
2026-01-27 15:59:19,339 INFO Iter : 80100 	 LR : 0.00009 	 training loss : 4.77006 	 
2026-01-27 16:02:37,970 INFO Iter : 80200 	 LR : 0.00009 	 training loss : 4.58779 	 
2026-01-27 16:05:57,111 INFO Iter : 80300 	 LR : 0.00009 	 training loss : 4.47358 	 
2026-01-27 16:09:16,154 INFO Iter : 80400 	 LR : 0.00008 	 training loss : 4.84103 	 
2026-01-27 16:12:35,102 INFO Iter : 80500 	 LR : 0.00008 	 training loss : 4.84774 	 
2026-01-27 16:15:53,927 INFO Iter : 80600 	 LR : 0.00008 	 training loss : 5.09603 	 
2026-01-27 16:19:11,716 INFO Iter : 80700 	 LR : 0.00008 	 training loss : 4.44562 	 
2026-01-27 16:22:30,472 INFO Iter : 80800 	 LR : 0.00008 	 training loss : 4.57134 	 
2026-01-27 16:25:49,118 INFO Iter : 80900 	 LR : 0.00008 	 training loss : 4.54347 	 
2026-01-27 16:29:07,411 INFO Iter : 81000 	 LR : 0.00008 	 training loss : 4.25685 	 
2026-01-27 16:29:15,111 INFO Val. loss : 7.952 	 CER : 0.0732 	 WER : 0.2653 	 
2026-01-27 16:32:32,800 INFO Iter : 81100 	 LR : 0.00008 	 training loss : 4.21539 	 
2026-01-27 16:35:52,551 INFO Iter : 81200 	 LR : 0.00008 	 training loss : 4.77572 	 
2026-01-27 16:39:11,151 INFO Iter : 81300 	 LR : 0.00008 	 training loss : 4.91904 	 
2026-01-27 16:42:29,157 INFO Iter : 81400 	 LR : 0.00008 	 training loss : 4.59522 	 
2026-01-27 16:45:47,652 INFO Iter : 81500 	 LR : 0.00008 	 training loss : 4.83873 	 
2026-01-27 16:49:07,051 INFO Iter : 81600 	 LR : 0.00007 	 training loss : 4.51457 	 
2026-01-27 16:52:25,311 INFO Iter : 81700 	 LR : 0.00007 	 training loss : 4.55205 	 
2026-01-27 16:55:44,250 INFO Iter : 81800 	 LR : 0.00007 	 training loss : 4.59053 	 
2026-01-27 16:59:02,054 INFO Iter : 81900 	 LR : 0.00007 	 training loss : 4.29501 	 
2026-01-27 17:02:20,762 INFO Iter : 82000 	 LR : 0.00007 	 training loss : 4.19178 	 
2026-01-27 17:02:28,379 INFO Val. loss : 7.998 	 CER : 0.0736 	 WER : 0.2656 	 
2026-01-27 17:05:46,837 INFO Iter : 82100 	 LR : 0.00007 	 training loss : 4.40792 	 
2026-01-27 17:09:04,937 INFO Iter : 82200 	 LR : 0.00007 	 training loss : 4.06232 	 
2026-01-27 17:12:22,754 INFO Iter : 82300 	 LR : 0.00007 	 training loss : 4.47054 	 
2026-01-27 17:15:41,197 INFO Iter : 82400 	 LR : 0.00007 	 training loss : 4.25918 	 
2026-01-27 17:19:00,614 INFO Iter : 82500 	 LR : 0.00007 	 training loss : 3.87933 	 
2026-01-27 17:22:18,996 INFO Iter : 82600 	 LR : 0.00007 	 training loss : 4.11060 	 
2026-01-27 17:25:36,858 INFO Iter : 82700 	 LR : 0.00007 	 training loss : 3.88671 	 
2026-01-27 17:28:54,365 INFO Iter : 82800 	 LR : 0.00006 	 training loss : 4.28490 	 
2026-01-27 17:32:13,331 INFO Iter : 82900 	 LR : 0.00006 	 training loss : 4.28148 	 
2026-01-27 17:35:32,270 INFO Iter : 83000 	 LR : 0.00006 	 training loss : 4.66525 	 
2026-01-27 17:35:39,962 INFO Val. loss : 8.054 	 CER : 0.0742 	 WER : 0.2686 	 
2026-01-27 17:38:58,614 INFO Iter : 83100 	 LR : 0.00006 	 training loss : 4.30151 	 
2026-01-27 17:42:17,711 INFO Iter : 83200 	 LR : 0.00006 	 training loss : 4.35157 	 
2026-01-27 17:45:37,160 INFO Iter : 83300 	 LR : 0.00006 	 training loss : 4.13349 	 
2026-01-27 17:48:55,825 INFO Iter : 83400 	 LR : 0.00006 	 training loss : 4.13602 	 
2026-01-27 17:52:14,920 INFO Iter : 83500 	 LR : 0.00006 	 training loss : 4.27052 	 
2026-01-27 17:55:33,170 INFO Iter : 83600 	 LR : 0.00006 	 training loss : 4.40069 	 
2026-01-27 17:58:52,111 INFO Iter : 83700 	 LR : 0.00006 	 training loss : 4.14198 	 
2026-01-27 18:02:11,402 INFO Iter : 83800 	 LR : 0.00006 	 training loss : 4.49244 	 
2026-01-27 18:05:30,552 INFO Iter : 83900 	 LR : 0.00006 	 training loss : 4.05594 	 
2026-01-27 18:08:49,685 INFO Iter : 84000 	 LR : 0.00006 	 training loss : 4.36210 	 
2026-01-27 18:08:57,493 INFO Val. loss : 8.069 	 CER : 0.0738 	 WER : 0.2686 	 
2026-01-27 18:12:16,793 INFO Iter : 84100 	 LR : 0.00005 	 training loss : 4.04589 	 
2026-01-27 18:15:34,594 INFO Iter : 84200 	 LR : 0.00005 	 training loss : 4.07324 	 
2026-01-27 18:18:52,499 INFO Iter : 84300 	 LR : 0.00005 	 training loss : 3.80914 	 
2026-01-27 18:22:10,435 INFO Iter : 84400 	 LR : 0.00005 	 training loss : 3.88471 	 
2026-01-27 18:25:28,656 INFO Iter : 84500 	 LR : 0.00005 	 training loss : 3.75624 	 
2026-01-27 18:28:48,447 INFO Iter : 84600 	 LR : 0.00005 	 training loss : 3.75052 	 
2026-01-27 18:32:07,148 INFO Iter : 84700 	 LR : 0.00005 	 training loss : 3.98063 	 
2026-01-27 18:35:25,256 INFO Iter : 84800 	 LR : 0.00005 	 training loss : 3.92914 	 
2026-01-27 18:38:43,599 INFO Iter : 84900 	 LR : 0.00005 	 training loss : 4.06026 	 
2026-01-27 18:42:02,788 INFO Iter : 85000 	 LR : 0.00005 	 training loss : 3.77811 	 
2026-01-27 18:42:10,543 INFO Val. loss : 8.126 	 CER : 0.0745 	 WER : 0.2678 	 
2026-01-27 18:45:28,392 INFO Iter : 85100 	 LR : 0.00005 	 training loss : 3.51988 	 
2026-01-27 18:48:46,729 INFO Iter : 85200 	 LR : 0.00005 	 training loss : 3.74946 	 
2026-01-27 18:52:04,701 INFO Iter : 85300 	 LR : 0.00005 	 training loss : 3.68040 	 
2026-01-27 18:55:23,537 INFO Iter : 85400 	 LR : 0.00005 	 training loss : 3.65232 	 
2026-01-27 18:58:41,903 INFO Iter : 85500 	 LR : 0.00005 	 training loss : 3.67577 	 
2026-01-27 19:01:59,726 INFO Iter : 85600 	 LR : 0.00004 	 training loss : 3.58879 	 
2026-01-27 19:05:18,075 INFO Iter : 85700 	 LR : 0.00004 	 training loss : 3.86185 	 
2026-01-27 19:08:37,313 INFO Iter : 85800 	 LR : 0.00004 	 training loss : 3.70795 	 
2026-01-27 19:11:56,119 INFO Iter : 85900 	 LR : 0.00004 	 training loss : 3.69436 	 
2026-01-27 19:15:14,282 INFO Iter : 86000 	 LR : 0.00004 	 training loss : 3.57314 	 
2026-01-27 19:15:22,037 INFO Val. loss : 8.193 	 CER : 0.0757 	 WER : 0.2713 	 
2026-01-27 19:18:40,362 INFO Iter : 86100 	 LR : 0.00004 	 training loss : 3.66913 	 
2026-01-27 19:21:58,155 INFO Iter : 86200 	 LR : 0.00004 	 training loss : 3.71371 	 
2026-01-27 19:25:17,816 INFO Iter : 86300 	 LR : 0.00004 	 training loss : 3.54410 	 
2026-01-27 19:28:37,094 INFO Iter : 86400 	 LR : 0.00004 	 training loss : 3.78642 	 
2026-01-27 19:31:55,729 INFO Iter : 86500 	 LR : 0.00004 	 training loss : 3.46777 	 
2026-01-27 19:35:13,933 INFO Iter : 86600 	 LR : 0.00004 	 training loss : 3.80121 	 
2026-01-27 19:38:32,399 INFO Iter : 86700 	 LR : 0.00004 	 training loss : 3.54333 	 
2026-01-27 19:41:50,880 INFO Iter : 86800 	 LR : 0.00004 	 training loss : 3.77626 	 
2026-01-27 19:45:09,325 INFO Iter : 86900 	 LR : 0.00004 	 training loss : 3.86641 	 
2026-01-27 19:48:28,012 INFO Iter : 87000 	 LR : 0.00004 	 training loss : 3.91254 	 
2026-01-27 19:48:35,736 INFO Val. loss : 8.243 	 CER : 0.0758 	 WER : 0.2726 	 
2026-01-27 19:51:55,111 INFO Iter : 87100 	 LR : 0.00004 	 training loss : 3.99682 	 
2026-01-27 19:55:13,667 INFO Iter : 87200 	 LR : 0.00003 	 training loss : 3.97685 	 
2026-01-27 19:58:32,679 INFO Iter : 87300 	 LR : 0.00003 	 training loss : 3.87551 	 
2026-01-27 20:01:50,299 INFO Iter : 87400 	 LR : 0.00003 	 training loss : 3.79314 	 
2026-01-27 20:05:09,280 INFO Iter : 87500 	 LR : 0.00003 	 training loss : 3.70417 	 
2026-01-27 20:08:28,029 INFO Iter : 87600 	 LR : 0.00003 	 training loss : 3.81290 	 
2026-01-27 20:11:45,922 INFO Iter : 87700 	 LR : 0.00003 	 training loss : 3.62084 	 
2026-01-27 20:15:04,096 INFO Iter : 87800 	 LR : 0.00003 	 training loss : 3.80442 	 
2026-01-27 20:18:23,718 INFO Iter : 87900 	 LR : 0.00003 	 training loss : 3.80600 	 
2026-01-27 20:21:42,301 INFO Iter : 88000 	 LR : 0.00003 	 training loss : 3.65733 	 
2026-01-27 20:21:49,971 INFO Val. loss : 8.299 	 CER : 0.0766 	 WER : 0.2753 	 
2026-01-27 20:25:07,432 INFO Iter : 88100 	 LR : 0.00003 	 training loss : 3.31655 	 
2026-01-27 20:28:25,584 INFO Iter : 88200 	 LR : 0.00003 	 training loss : 3.39133 	 
2026-01-27 20:31:44,371 INFO Iter : 88300 	 LR : 0.00003 	 training loss : 3.69374 	 
2026-01-27 20:35:02,977 INFO Iter : 88400 	 LR : 0.00003 	 training loss : 3.33773 	 
2026-01-27 20:38:21,367 INFO Iter : 88500 	 LR : 0.00003 	 training loss : 3.24171 	 
2026-01-27 20:41:39,080 INFO Iter : 88600 	 LR : 0.00003 	 training loss : 3.24238 	 
2026-01-27 20:44:57,101 INFO Iter : 88700 	 LR : 0.00003 	 training loss : 3.55664 	 
2026-01-27 20:48:16,763 INFO Iter : 88800 	 LR : 0.00003 	 training loss : 3.53834 	 
2026-01-27 20:51:35,274 INFO Iter : 88900 	 LR : 0.00003 	 training loss : 3.31698 	 
2026-01-27 20:54:53,864 INFO Iter : 89000 	 LR : 0.00003 	 training loss : 3.63884 	 
2026-01-27 20:55:01,501 INFO Val. loss : 8.346 	 CER : 0.0768 	 WER : 0.2746 	 
2026-01-27 20:58:19,403 INFO Iter : 89100 	 LR : 0.00002 	 training loss : 3.44873 	 
2026-01-27 21:01:37,887 INFO Iter : 89200 	 LR : 0.00002 	 training loss : 3.33786 	 
2026-01-27 21:04:56,428 INFO Iter : 89300 	 LR : 0.00002 	 training loss : 3.49953 	 
2026-01-27 21:08:14,525 INFO Iter : 89400 	 LR : 0.00002 	 training loss : 3.57168 	 
2026-01-27 21:11:32,077 INFO Iter : 89500 	 LR : 0.00002 	 training loss : 3.57108 	 
2026-01-27 21:14:51,574 INFO Iter : 89600 	 LR : 0.00002 	 training loss : 3.66629 	 
2026-01-27 21:18:10,273 INFO Iter : 89700 	 LR : 0.00002 	 training loss : 3.95611 	 
2026-01-27 21:21:28,537 INFO Iter : 89800 	 LR : 0.00002 	 training loss : 3.85008 	 
2026-01-27 21:24:45,824 INFO Iter : 89900 	 LR : 0.00002 	 training loss : 3.67536 	 
2026-01-27 21:28:04,705 INFO Iter : 90000 	 LR : 0.00002 	 training loss : 3.53390 	 
2026-01-27 21:28:12,368 INFO Val. loss : 8.375 	 CER : 0.0777 	 WER : 0.2756 	 
2026-01-27 21:31:31,744 INFO Iter : 90100 	 LR : 0.00002 	 training loss : 3.42772 	 
2026-01-27 21:34:49,429 INFO Iter : 90200 	 LR : 0.00002 	 training loss : 3.43399 	 
2026-01-27 21:38:07,952 INFO Iter : 90300 	 LR : 0.00002 	 training loss : 3.59314 	 
2026-01-27 21:41:25,393 INFO Iter : 90400 	 LR : 0.00002 	 training loss : 3.52936 	 
2026-01-27 21:44:44,562 INFO Iter : 90500 	 LR : 0.00002 	 training loss : 3.61140 	 
2026-01-27 21:48:02,181 INFO Iter : 90600 	 LR : 0.00002 	 training loss : 3.46892 	 
2026-01-27 21:51:20,890 INFO Iter : 90700 	 LR : 0.00002 	 training loss : 3.57412 	 
2026-01-27 21:54:38,680 INFO Iter : 90800 	 LR : 0.00002 	 training loss : 3.53343 	 
2026-01-27 21:57:57,636 INFO Iter : 90900 	 LR : 0.00002 	 training loss : 3.53979 	 
2026-01-27 22:01:14,840 INFO Iter : 91000 	 LR : 0.00002 	 training loss : 3.63321 	 
2026-01-27 22:01:22,381 INFO Val. loss : 8.403 	 CER : 0.0783 	 WER : 0.2798 	 
2026-01-27 22:04:38,028 INFO Iter : 91100 	 LR : 0.00002 	 training loss : 3.21340 	 
2026-01-27 22:07:54,032 INFO Iter : 91200 	 LR : 0.00002 	 training loss : 3.40520 	 
2026-01-27 22:11:11,791 INFO Iter : 91300 	 LR : 0.00001 	 training loss : 3.58563 	 
2026-01-27 22:14:28,564 INFO Iter : 91400 	 LR : 0.00001 	 training loss : 3.33642 	 
2026-01-27 22:17:45,340 INFO Iter : 91500 	 LR : 0.00001 	 training loss : 3.48581 	 
2026-01-27 22:21:02,465 INFO Iter : 91600 	 LR : 0.00001 	 training loss : 3.29839 	 
2026-01-27 22:24:19,150 INFO Iter : 91700 	 LR : 0.00001 	 training loss : 3.36319 	 
2026-01-27 22:27:37,105 INFO Iter : 91800 	 LR : 0.00001 	 training loss : 3.25281 	 
2026-01-27 22:30:53,803 INFO Iter : 91900 	 LR : 0.00001 	 training loss : 3.09120 	 
2026-01-27 22:34:10,025 INFO Iter : 92000 	 LR : 0.00001 	 training loss : 3.21323 	 
2026-01-27 22:34:17,549 INFO Val. loss : 8.452 	 CER : 0.0787 	 WER : 0.2831 	 
2026-01-27 22:37:34,044 INFO Iter : 92100 	 LR : 0.00001 	 training loss : 3.40039 	 
2026-01-27 22:40:52,439 INFO Iter : 92200 	 LR : 0.00001 	 training loss : 3.40227 	 
2026-01-27 22:44:09,974 INFO Iter : 92300 	 LR : 0.00001 	 training loss : 3.45756 	 
2026-01-27 22:47:26,228 INFO Iter : 92400 	 LR : 0.00001 	 training loss : 3.32466 	 
2026-01-27 22:50:42,961 INFO Iter : 92500 	 LR : 0.00001 	 training loss : 3.22907 	 
2026-01-27 22:54:01,390 INFO Iter : 92600 	 LR : 0.00001 	 training loss : 3.34083 	 
2026-01-27 22:57:17,888 INFO Iter : 92700 	 LR : 0.00001 	 training loss : 3.08578 	 
2026-01-27 23:00:34,669 INFO Iter : 92800 	 LR : 0.00001 	 training loss : 3.36076 	 
2026-01-27 23:03:51,650 INFO Iter : 92900 	 LR : 0.00001 	 training loss : 3.32397 	 
2026-01-27 23:07:09,794 INFO Iter : 93000 	 LR : 0.00001 	 training loss : 3.01379 	 
2026-01-27 23:07:17,316 INFO Val. loss : 8.482 	 CER : 0.0789 	 WER : 0.2826 	 
2026-01-27 23:10:34,515 INFO Iter : 93100 	 LR : 0.00001 	 training loss : 3.36889 	 
2026-01-27 23:13:50,978 INFO Iter : 93200 	 LR : 0.00001 	 training loss : 2.98780 	 
2026-01-27 23:17:07,352 INFO Iter : 93300 	 LR : 0.00001 	 training loss : 3.01950 	 
2026-01-27 23:20:24,934 INFO Iter : 93400 	 LR : 0.00001 	 training loss : 2.87175 	 
2026-01-27 23:23:41,524 INFO Iter : 93500 	 LR : 0.00001 	 training loss : 2.90276 	 
2026-01-27 23:26:58,222 INFO Iter : 93600 	 LR : 0.00001 	 training loss : 2.94097 	 
2026-01-27 23:30:15,259 INFO Iter : 93700 	 LR : 0.00001 	 training loss : 3.11810 	 
2026-01-27 23:33:31,877 INFO Iter : 93800 	 LR : 0.00001 	 training loss : 2.89410 	 
2026-01-27 23:36:49,302 INFO Iter : 93900 	 LR : 0.00001 	 training loss : 2.74540 	 
2026-01-27 23:40:05,492 INFO Iter : 94000 	 LR : 0.00001 	 training loss : 2.93759 	 
2026-01-27 23:40:13,021 INFO Val. loss : 8.521 	 CER : 0.0792 	 WER : 0.2851 	 
2026-01-27 23:43:29,916 INFO Iter : 94100 	 LR : 0.00001 	 training loss : 2.83989 	 
2026-01-27 23:46:47,113 INFO Iter : 94200 	 LR : 0.00001 	 training loss : 3.09708 	 
2026-01-27 23:50:04,639 INFO Iter : 94300 	 LR : 0.00001 	 training loss : 2.85466 	 
2026-01-27 23:53:21,757 INFO Iter : 94400 	 LR : 0.00001 	 training loss : 2.99953 	 
2026-01-27 23:56:38,103 INFO Iter : 94500 	 LR : 0.00001 	 training loss : 2.82601 	 
2026-01-27 23:59:54,968 INFO Iter : 94600 	 LR : 0.00000 	 training loss : 3.02803 	 
2026-01-28 00:03:12,758 INFO Iter : 94700 	 LR : 0.00000 	 training loss : 3.00311 	 
2026-01-28 00:06:30,398 INFO Iter : 94800 	 LR : 0.00000 	 training loss : 3.08488 	 
2026-01-28 00:09:46,924 INFO Iter : 94900 	 LR : 0.00000 	 training loss : 2.76607 	 
2026-01-28 00:13:03,844 INFO Iter : 95000 	 LR : 0.00000 	 training loss : 2.96108 	 
2026-01-28 00:13:11,379 INFO Val. loss : 8.588 	 CER : 0.0798 	 WER : 0.2864 	 
2026-01-28 00:16:30,025 INFO Iter : 95100 	 LR : 0.00000 	 training loss : 3.01137 	 
2026-01-28 00:19:46,464 INFO Iter : 95200 	 LR : 0.00000 	 training loss : 2.84452 	 
2026-01-28 00:23:03,647 INFO Iter : 95300 	 LR : 0.00000 	 training loss : 2.85948 	 
2026-01-28 00:26:20,558 INFO Iter : 95400 	 LR : 0.00000 	 training loss : 2.90274 	 
2026-01-28 00:29:36,794 INFO Iter : 95500 	 LR : 0.00000 	 training loss : 2.96305 	 
2026-01-28 00:32:54,202 INFO Iter : 95600 	 LR : 0.00000 	 training loss : 2.78113 	 
2026-01-28 00:36:09,763 INFO Iter : 95700 	 LR : 0.00000 	 training loss : 2.72966 	 
2026-01-28 00:39:25,908 INFO Iter : 95800 	 LR : 0.00000 	 training loss : 2.77397 	 
2026-01-28 00:42:42,321 INFO Iter : 95900 	 LR : 0.00000 	 training loss : 2.74263 	 
2026-01-28 00:45:59,468 INFO Iter : 96000 	 LR : 0.00000 	 training loss : 2.78949 	 
2026-01-28 00:46:06,996 INFO Val. loss : 8.661 	 CER : 0.0808 	 WER : 0.2884 	 
2026-01-28 00:49:23,204 INFO Iter : 96100 	 LR : 0.00000 	 training loss : 2.87892 	 
2026-01-28 00:52:39,938 INFO Iter : 96200 	 LR : 0.00000 	 training loss : 2.78614 	 
2026-01-28 00:55:56,741 INFO Iter : 96300 	 LR : 0.00000 	 training loss : 2.79666 	 
2026-01-28 00:59:13,933 INFO Iter : 96400 	 LR : 0.00000 	 training loss : 2.77520 	 
2026-01-28 01:02:30,808 INFO Iter : 96500 	 LR : 0.00000 	 training loss : 2.95448 	 
2026-01-28 01:05:47,397 INFO Iter : 96600 	 LR : 0.00000 	 training loss : 2.79231 	 
2026-01-28 01:09:03,449 INFO Iter : 96700 	 LR : 0.00000 	 training loss : 2.91231 	 
2026-01-28 01:12:21,236 INFO Iter : 96800 	 LR : 0.00000 	 training loss : 2.86525 	 
2026-01-28 01:15:37,575 INFO Iter : 96900 	 LR : 0.00000 	 training loss : 2.81227 	 
2026-01-28 01:18:54,230 INFO Iter : 97000 	 LR : 0.00000 	 training loss : 2.92363 	 
2026-01-28 01:19:01,754 INFO Val. loss : 8.729 	 CER : 0.0820 	 WER : 0.2941 	 
2026-01-28 01:22:18,798 INFO Iter : 97100 	 LR : 0.00000 	 training loss : 2.94924 	 
2026-01-28 01:25:36,585 INFO Iter : 97200 	 LR : 0.00000 	 training loss : 2.90686 	 
2026-01-28 01:28:52,979 INFO Iter : 97300 	 LR : 0.00000 	 training loss : 2.79352 	 
2026-01-28 01:32:09,789 INFO Iter : 97400 	 LR : 0.00000 	 training loss : 2.97096 	 
2026-01-28 01:35:26,080 INFO Iter : 97500 	 LR : 0.00000 	 training loss : 2.73619 	 
2026-01-28 01:38:43,129 INFO Iter : 97600 	 LR : 0.00000 	 training loss : 2.86124 	 
2026-01-28 01:42:00,420 INFO Iter : 97700 	 LR : 0.00000 	 training loss : 2.75237 	 
2026-01-28 01:45:17,034 INFO Iter : 97800 	 LR : 0.00000 	 training loss : 2.82189 	 
2026-01-28 01:48:33,059 INFO Iter : 97900 	 LR : 0.00000 	 training loss : 2.60426 	 
2026-01-28 01:51:49,434 INFO Iter : 98000 	 LR : 0.00000 	 training loss : 2.76880 	 
2026-01-28 01:51:56,974 INFO Val. loss : 8.786 	 CER : 0.0831 	 WER : 0.2979 	 
2026-01-28 01:55:13,971 INFO Iter : 98100 	 LR : 0.00000 	 training loss : 2.82874 	 
2026-01-28 01:58:29,966 INFO Iter : 98200 	 LR : 0.00000 	 training loss : 2.76186 	 
2026-01-28 02:01:46,287 INFO Iter : 98300 	 LR : 0.00000 	 training loss : 2.62925 	 
2026-01-28 02:05:02,503 INFO Iter : 98400 	 LR : 0.00000 	 training loss : 2.72871 	 
2026-01-28 02:08:20,505 INFO Iter : 98500 	 LR : 0.00000 	 training loss : 2.86030 	 
2026-01-28 02:11:36,894 INFO Iter : 98600 	 LR : 0.00000 	 training loss : 2.85514 	 
2026-01-28 02:14:52,688 INFO Iter : 98700 	 LR : 0.00000 	 training loss : 2.63130 	 
2026-01-28 02:18:10,067 INFO Iter : 98800 	 LR : 0.00000 	 training loss : 2.94662 	 
2026-01-28 02:21:27,566 INFO Iter : 98900 	 LR : 0.00000 	 training loss : 2.70640 	 
2026-01-28 02:24:44,030 INFO Iter : 99000 	 LR : 0.00000 	 training loss : 2.70602 	 
2026-01-28 02:24:51,561 INFO Val. loss : 8.842 	 CER : 0.0833 	 WER : 0.2964 	 
2026-01-28 02:28:08,569 INFO Iter : 99100 	 LR : 0.00000 	 training loss : 2.71409 	 
2026-01-28 02:31:26,002 INFO Iter : 99200 	 LR : 0.00000 	 training loss : 2.88007 	 
2026-01-28 02:34:43,176 INFO Iter : 99300 	 LR : 0.00000 	 training loss : 2.94730 	 
2026-01-28 02:38:01,895 INFO Iter : 99400 	 LR : 0.00000 	 training loss : 2.84645 	 
2026-01-28 02:41:18,981 INFO Iter : 99500 	 LR : 0.00000 	 training loss : 2.80992 	 
2026-01-28 02:44:35,353 INFO Iter : 99600 	 LR : 0.00000 	 training loss : 2.67344 	 
2026-01-28 02:47:52,238 INFO Iter : 99700 	 LR : 0.00000 	 training loss : 2.94588 	 
2026-01-28 02:51:09,905 INFO Iter : 99800 	 LR : 0.00000 	 training loss : 2.63296 	 
2026-01-28 02:54:26,887 INFO Iter : 99900 	 LR : 0.00000 	 training loss : 2.78638 	 
2026-01-28 02:57:48,879 INFO {
    "alpha": 1.0,
    "attn_mask_ratio": 0.1,
    "blur_max_kernel": 5,
    "blur_max_sigma": 5,
    "blur_min_kernel": 3,
    "blur_min_sigma": 3,
    "cos_temp": 8,
    "data_path": "./data/read2016/lines/",
    "dila_ero_iter": 1,
    "dila_ero_max_kernel": 2,
    "dpi_max_factor": 1.5,
    "dpi_min_factor": 0.5,
    "elastic_distortion_max_alpha": 1,
    "elastic_distortion_max_kernel_size": 3,
    "elastic_distortion_max_magnitude": 20,
    "elastic_distortion_max_sigma": 10,
    "elastic_distortion_min_alpha": 0.5,
    "elastic_distortion_min_kernel_size": 3,
    "elastic_distortion_min_sigma": 1,
    "ema_decay": 0.9999,
    "eval_iter": 1000,
    "exp_name": "read",
    "img_size": [
        512,
        64
    ],
    "jitter_brightness": 0.4,
    "jitter_contrast": 0.4,
    "jitter_hue": 0.2,
    "jitter_saturation": 0.4,
    "mask_ratio": 0.4,
    "max_lr": 0.001,
    "max_span_length": 8,
    "nb_cls": 90,
    "num_workers": 0,
    "out_dir": "./output",
    "patch_size": [
        4,
        32
    ],
    "perspective_high": 0.4,
    "perspective_low": 0.0,
    "print_iter": 100,
    "proba": 0.5,
    "proj": 8.0,
    "save_dir": "./output/read",
    "seed": 123,
    "sharpen_max_alpha": 1,
    "sharpen_max_strength": 1,
    "sharpen_min_alpha": 0,
    "sharpen_min_strength": 0,
    "spacing": 0,
    "subcommand": "READ",
    "test_data_list": "./data/read2016/test.ln",
    "total_iter": 100000,
    "train_bs": 64,
    "train_data_list": "./data/read2016/train.ln",
    "use_wandb": false,
    "val_bs": 8,
    "val_data_list": "./data/read2016/val.ln",
    "warm_up_iter": 1000,
    "weight_decay": 0.5,
    "zoom_max_h": 1,
    "zoom_max_w": 1,
    "zoom_min_h": 0.8,
    "zoom_min_w": 0.99
}
2026-01-28 02:57:49,142 INFO loading HWR checkpoint from ./output/read/best_CER.pth
2026-01-28 02:57:49,540 INFO Loading test loader...
2026-01-28 02:58:12,010 INFO Test. loss : 5.449 	 CER : 0.0427 	 WER : 0.1783 
